POSIX,source,app,x_x0,y_y0,t_t0
1491034088,141,4,0.479197230677389,-0.460820281868582,0
1491040459,96,4,0.324559247963589,-0.540397646465466,0
1491048659,45,4,0.415899682761457,-0.552943042544268,0
1491127997,14,4,0.35377951879393,-0.470150850791404,0
1491131044,112,4,0.499001928760838,-0.467288955505761,0
1491142926,107,4,0.363559357322772,-0.408332545109016,0
1491147050,54,4,0.601932792913499,-0.237960531290405,0
1491164741,107,4,0.55287540443671,-0.43897090816953,0
1491221069,52,4,0.235966686942667,-0.58767809555503,0
1491254083,130,4,0.153908844420392,-0.576119526694585,7
1491299493,19,4,0.306013945713911,-0.425534490793878,0
1491324640,88,4,0.552923557592169,-0.39044176397217,0
1491402029,55,4,0.475068442432935,-0.372492689291534,0
1491413000,9,4,0.571442341467045,-0.532059966308452,0
1491495963,72,4,0.448717180463358,-0.496829418478364,0
1491513292,50,4,0.198118616632968,-0.367292199324361,0
1491517867,96,4,0.561150858376553,-0.579990365357054,0
1491518762,95,4,0.439082652244383,-0.350361095592562,0
1491577557,150,4,0.52784510632541,-0.274215454894487,0
1491644658,55,4,0.302859663966425,-0.373862758117284,0
1491653287,55,4,0.30206883490925,-0.25816002566334,0
1491659190,109,4,0.6599751839687,-0.567964820525339,0
1491659322,103,4,0.646680346711871,-0.411466300043573,0
1491684890,147,4,0.48229067089197,-0.382272890924046,0
1491728317,35,4,0.46277751568963,-0.374257184132708,0
1491734146,20,4,0.652802169259185,-0.417546747654848,0
1491761184,105,4,0.382566546678277,-0.497467484419319,0
1491773731,94,4,0.393917040172326,-0.426258261993462,0
1491833092,116,4,0.488044060756424,-0.391855621884202,0
1491847055,21,4,0.414884850159124,-0.476911699726191,0
1491864532,82,4,0.572308837497844,-0.531996072670967,0
1491921633,116,4,0.397742456269775,-0.4966886044735,0
1491929727,2,4,0.58814482354227,-0.465514091082561,0
1491935405,53,4,0.585552894881634,-0.581829954031147,0
1491939972,59,4,0.281639575110204,-0.364980671670777,0
1492005598,38,4,0.354769477814235,-0.46023219126772,1
1492006068,125,4,0.417732017933559,-0.435276791903279,0
1492011875,130,4,0.432425058719869,-0.419348623960506,0
1492015159,92,4,0.364937429339861,-0.395032208892815,0
1492091058,76,4,0.478913543817764,-0.64027479549277,0
1492110548,24,4,0.487664202723699,-0.315509025051611,0
1492175884,30,4,0.451787544905848,-0.461332782447501,0
1492181870,86,4,0.277945300958564,-0.413841163958629,0
1492246043,64,4,0.413779409964051,-0.422832949297811,0
1492247149,94,4,0.284375201605768,-0.437164825425112,0
1492254001,58,4,0.312963107262125,-0.469177994882619,0
1492295008,93,4,0.548515282612794,-0.472269789326773,0
1492335601,91,4,0.49171224687746,-0.579999066461052,0
1492338724,20,4,0.451182425820411,-0.389729215767046,0
1492350641,140,4,0.327897228153533,-0.568193208019138,0
1492375956,59,4,0.545965456757368,-0.369818226902979,0
1492416858,31,4,0.391047732758748,-0.376117036915356,0
1492421493,9,4,0.501062738485283,-0.556830638565733,0
1492437928,99,4,0.371415615748248,-0.499885156620771,0
1492462672,125,4,0.457794497263614,-0.339437776220884,0
1492530206,26,4,0.382525246136778,-0.396627541885592,0
1492543794,83,4,0.544308128696123,-0.575480308970049,0
1492547647,130,4,0.491959792471536,-0.449367071790602,0
1492550069,93,4,0.590194020112263,-0.347553633180535,0
1492599529,125,4,0.344692201063846,-0.502637644155319,0
1492611531,120,4,0.386821725602992,-0.398801185103133,0
1492687342,91,4,0.509618150384111,-0.466495497406565,0
1492717856,119,4,0.468887971780976,-0.467587529790126,0
1492786773,30,4,0.426413469734008,-0.308838451119392,0
1492852277,47,4,0.493968043504715,-0.36556641931748,0
1492857919,144,4,0.470807984625965,-0.506609706030153,0
1492871582,102,4,0.493533519182523,-0.576154506934634,0
1492878525,151,4,0.549771855151146,-0.516451543977483,0
1492879637,133,4,0.61918325585294,-0.429728550959335,0
1492884164,118,4,0.367116794250804,-0.43898772830928,1
1492936892,19,4,0.483342291747123,-0.391509662221761,0
1492942648,2,4,0.585315859761494,-0.657778557877874,0
1492947056,69,4,0.305963385996129,-0.685208006638507,0
1492953916,6,4,0.286911234459718,-0.470671060298472,0
1492977992,125,4,0.306997565156815,-0.528979475275143,0
1492982062,125,4,0.632987892371816,-0.429915089784104,0
1493031128,12,4,0.316920797861028,-0.407566343190371,0
1493043209,133,4,0.467425565473538,-0.315891292835097,0
1493058843,50,4,0.459867618906363,-0.350633228975718,1
1493108942,81,4,0.652836268723464,-0.313385677471251,0
1493117744,93,4,0.414864747982051,-0.491757150795665,0
1493156853,43,4,0.383029204011063,-0.487963620312924,0
1493159575,75,4,0.546084009704466,-0.265032207101809,0
1493229937,60,4,0.417596833541076,-0.330319932079704,0
1493291825,69,4,0.305847221478787,-0.407917992316677,0
1493317409,119,4,0.392184494003703,-0.467246257104538,0
1493403808,151,4,0.546415429479337,-0.35257451497034,0
1493406785,152,4,0.531151834179068,-0.438895709271798,0
1493461484,52,4,0.424927445857277,-0.507066483495078,0
1493473998,109,4,0.40057934982698,-0.685341579829878,0
1493487265,141,4,0.374197130443898,-0.33063616003397,0
1493494317,122,4,0.442456167974488,-0.459592160008387,0
1493498466,48,4,0.3656281312595,-0.480770474456328,0
1493541663,151,4,0.530367649228513,-0.306193751867392,0
1493554397,91,4,0.494426600680304,-0.255413498236204,0
1493560906,93,4,0.433417956477636,-0.456053980500397,0
1493569489,79,4,0.563603482921343,-0.408558008680946,0
1493639403,92,4,0.565114139963705,-0.3988598497657,1
1493639564,73,4,0.471624015939932,-0.3778627989899,0
1493648471,47,4,0.46888244454214,-0.496156174167941,0
1493667506,31,4,0.584143144130414,-0.571853901201603,0
1493727418,5,4,0.469482483045178,-0.432477780873705,0
1493731593,120,4,0.477299758794696,-0.382730408397601,0
1493744137,73,4,0.399020217378916,-0.462096617344034,0
1493747647,140,4,0.521994017589659,-0.471360350508303,0
1493748743,59,4,0.583156676147842,-0.531934319411998,0
1493765607,62,4,0.335065038826759,-0.695840832905815,0
1493809630,64,4,0.518119095832439,-0.404948488871423,0
1493838500,152,4,0.526944451056109,-0.454901299908974,0
1493839979,152,4,0.561093978564289,-0.523583174418586,0
1493847722,47,4,0.446369648486943,-0.501257930316508,1
1493890203,1,4,0.41585837309855,-0.471367634151901,0
1493919955,82,4,0.456397113835915,-0.380248920998337,0
1493922011,76,4,0.331079928876386,-0.609705025995819,0
1493923660,29,4,0.456018588265954,-0.342342787292462,0
1493936218,18,4,0.409248940716274,-0.364797932738988,0
1493986780,112,4,0.428736361519419,-0.379335557800197,0
1494000493,66,4,0.451435210783434,-0.426091554256171,0
1494004619,48,4,0.530651859869442,-0.461858367086234,0
1494019139,88,4,0.519439550912519,-0.524460559281192,0
1494058883,26,4,0.367458830983459,-0.522087408019366,0
1494073626,14,4,0.445908496087331,-0.372274471862276,0
1494082128,30,4,0.347348118950792,-0.501185848267606,0
1494086324,124,4,0.435225898491313,-0.374227591673458,0
1494089482,118,4,0.47866034343991,-0.477548970672905,0
1494111104,59,4,0.396046362911087,-0.288192769220268,0
1494151371,2,4,0.364228791103729,-0.352902417035811,0
1494154205,52,4,0.247823642613096,-0.502345801897211,2
1494154567,144,4,0.528352239279942,-0.357266504932639,0
1494155350,26,4,0.478002153043927,-0.362754127861592,0
1494161285,143,4,0.471333482470179,-0.538013072069402,0
1494165262,102,4,0.429201681535337,-0.64328776615463,0
1494189774,140,4,0.466140138246753,-0.524491794637176,0
1494244372,66,4,0.451631330649185,-0.265122069335517,0
1494254386,39,4,0.439009575704422,-0.514598512239584,0
1494256206,16,4,0.197216705148714,-0.457173794033432,0
1494268154,45,4,0.299302292525471,-0.348030801450403,0
1494275931,55,4,0.350582377329389,-0.448490520914966,0
1494318361,110,4,0.550344921374702,-0.521233871277144,0
1494326211,31,4,0.473268413196889,-0.523393605660552,0
1494347626,29,4,0.366886288984509,-0.633459855736269,0
1494367333,116,4,0.406886121457306,-0.333346451093834,0
1494414433,117,4,0.386715659146724,-0.418056099969614,0
1494428625,50,4,0.445334245986334,-0.435683037832903,0
1494443653,26,4,0.488173714452639,-0.512430749810571,0
1494444293,2,4,0.35369716874012,-0.485091232029985,0
1494455315,86,4,0.421514372066683,-0.327040949256135,0
1494455436,19,4,0.455971671912889,-0.602905914244249,0
1494496404,96,4,0.438331143676705,-0.501995489731176,0
1494501617,69,4,0.682070145417138,-0.325797630948091,0
1494520132,21,4,0.518215123102707,-0.352914709088976,0
1494534807,99,4,0.408438789576401,-0.416683917470688,0
1494537657,64,4,0.455917187263796,-0.403216022996998,0
1494541505,150,4,0.534613155281452,-0.428719582309075,0
1494576705,102,4,0.445939107923124,-0.508623579845984,0
1494578591,58,4,0.553556280641189,-0.560877772262411,0
1494588360,101,4,0.444138166062312,-0.460960754881029,0
1494615752,14,4,0.536596730359724,-0.427592970690524,0
1494629755,113,4,0.410425244375945,-0.483687222882203,0
1494663412,91,4,0.392925729527438,-0.45728450787358,0
1494678298,31,4,0.485816874377396,-0.434988887786518,0
1494683204,93,4,0.568603934130978,-0.3890409315599,0
1494693517,72,4,0.338765086623359,-0.364264743483612,0
1494706587,39,4,0.494420620980609,-0.310589006787437,0
1494710660,49,4,0.365005338467047,-0.469410474880272,0
1494712299,16,4,0.614317461085885,-0.396166915746512,0
1494749084,30,4,0.479398378177784,-0.516869205180282,0
1494749357,119,4,0.474780047143755,-0.422579773049807,0
1494756320,22,4,0.528361261965854,-0.416146936166199,0
1494777647,83,4,0.452152457133928,-0.756095132186812,0
1494779527,16,4,0.452558286622753,-0.420061753111809,0
1494840856,79,4,0.566465530697852,-0.633470411914718,0
1494843935,39,4,0.510903201627038,-0.399714550600665,0
1494847696,76,4,0.545465508986898,-0.489913629122939,0
1494851675,54,4,0.429310783269507,-0.329623298224698,0
1494852321,81,4,0.421298270373905,-0.651335613718302,0
1494865642,116,4,0.518971654810488,-0.240995782446411,0
1494921911,66,4,0.282985887992271,-0.573690043433621,0
1494928724,1,4,0.299489996434999,-0.472096501437039,0
1494953681,56,4,0.436006324050136,-0.537183788887076,0
1495014434,60,4,0.474606916879511,-0.295566153779212,0
1495021723,26,4,0.423309989933803,-0.45064737834344,0
1495040142,21,4,0.49066757666722,-0.226921627463324,0
1495041351,119,4,0.386610185278123,-0.371649839064444,0
1495059863,88,4,0.384033102463278,-0.453776420581489,0
1495061323,73,4,0.672583368379244,-0.228051312549422,0
1495094898,113,4,0.52766193531702,-0.385502795439463,0
1495095275,29,4,0.491269057081695,-0.526098280733391,0
1495095756,35,4,0.565769661193131,-0.568944591991934,0
1495107448,45,4,0.265526654756507,-0.489759797007895,0
1495138199,85,4,0.393922781912879,-0.491404522557215,0
1495187136,62,4,0.358497278788197,-0.674570486243258,0
1495202521,96,4,0.215252486770498,-0.47565833677034,0
1495215004,146,4,0.511030138594065,-0.376038021486854,0
1495225468,60,4,0.615695201014035,-0.38721179741505,0
1495270257,8,4,0.609063993950387,-0.413296401899487,0
1495270654,9,4,0.552950258854212,-0.314933607560453,0
1495277186,151,4,0.527807200520992,-0.488298213973869,0
1495278905,16,4,0.500844246711975,-0.522593896123331,2
1495292106,110,4,0.529365386139559,-0.565051584847772,0
1495293626,79,4,0.353984884278582,-0.548003634780813,0
1495299713,122,4,0.429638052413743,-0.414571673682126,0
1495306635,141,4,0.558806712527314,-0.56494293690258,0
1495313459,130,4,0.550996961653333,-0.437008261243387,0
1495358720,150,4,0.443083237751768,-0.456333532659668,0
1495360666,108,4,0.327635674755606,-0.416123138283037,0
1495363669,52,4,0.462642625943331,-0.262151107948666,0
1495364838,76,4,0.365044020505808,-0.404826526098538,0
1495376106,147,4,0.528896756346871,-0.518922220242523,0
1495381841,150,4,0.37908612449281,-0.647583274624701,0
1495383188,31,4,0.387657633086747,-0.293273696391023,0
1495392396,59,4,0.52733489224782,-0.580036945850423,0
1495397043,83,4,0.395546008078107,-0.548432804990065,0
1495443416,86,4,0.615001597680104,-0.513494363198208,0
1495449372,17,4,0.458024046478459,-0.384914800995661,0
1495471826,56,4,0.485546389159756,-0.580083098887763,0
1495475863,153,4,0.487994831654851,-0.363192946825425,0
1495486054,39,4,0.486377994704593,-0.596249811947047,0
1495490026,43,4,0.363626408073322,-0.477499962054177,0
1495527456,54,4,0.490165950555354,-0.580274601065958,0
1495529604,88,4,0.484212009830598,-0.537511730037727,0
1495533242,76,4,0.314405403152586,-0.406193277046643,0
1495538777,92,4,0.560521619402198,-0.342017077841669,0
1495545530,48,4,0.493667010405295,-0.38039169475638,2
1495546169,86,4,0.483611143428999,-0.371737849190768,0
1495621566,59,4,0.4468238780838,-0.487185304687174,0
1495645005,22,4,0.421943567419066,-0.382781669453482,0
1495646020,125,4,0.405062492417739,-0.291990454042333,0
1495661793,26,4,0.251951244124196,-0.515957676868536,0
1495662119,139,4,0.250846370539047,-0.49728887403349,0
1495716081,34,4,0.497334486883761,-0.534805038248482,0
1495734717,49,4,0.261337510504897,-0.561414742435778,0
1495736386,116,4,0.421877551818985,-0.377485152836571,0
1495738357,113,4,0.587284454680031,-0.372628185806836,0
1495743655,124,4,0.33249025421316,-0.368872491908584,0
1495786840,153,4,0.621041636270324,-0.44680557586131,0
1495799511,108,4,0.359000406696958,-0.401762289385309,0
1495801796,60,4,0.522459214069733,-0.309305449261875,0
1495810455,118,4,0.502409383693813,-0.481719763050194,0
1495810888,34,4,0.658493079525094,-0.480136698020632,0
1495874846,143,4,0.5959862031187,-0.433645103983244,0
1495876081,120,4,0.38484406229705,-0.36894337244029,0
1495886441,109,4,0.556443812688069,-0.488372226171287,0
1495890744,95,4,0.591884931439808,-0.648192765272514,0
1495893749,95,4,0.429710301634908,-0.572123389253863,0
1495894422,109,4,0.443977244799757,-0.61034272622811,0
1495897694,112,4,0.278065452637782,-0.436735895566348,0
1495899951,141,4,0.421118460811458,-0.575355205032507,0
1495921682,103,4,0.262768785208967,-0.534034914536096,1
1495964079,50,4,0.546142713008217,-0.426165744217259,0
1495969805,147,4,0.357332948682775,-0.473887686496821,0
1495970918,47,4,0.409874301123584,-0.328574543573803,0
1495976690,96,4,0.427845707138602,-0.395123657366079,0
1495977705,82,4,0.535556267690682,-0.576297255542046,2
1495979368,117,4,0.428270535450788,-0.355615069644237,0
1496047685,139,4,0.439805010602302,-0.440654983067026,0
1496063224,72,4,0.419286736903691,-0.444095399864203,0
1496070343,139,4,0.409540431979619,-0.537607928274878,0
1496078668,107,4,0.391152732954657,-0.620909318852792,0
1496085234,147,4,0.322610114855351,-0.572716071291901,0
1496141650,83,4,0.376509105312762,-0.400338377871294,0
1496156302,58,4,0.530969393516537,-0.523465468971464,0
1496164554,122,4,0.598721389713188,-0.449801218601488,0
1496165287,45,4,0.444334675674394,-0.572666367650866,0
1496176872,29,4,0.352528157056682,-0.457621076273004,0
1496181283,149,4,0.366360543008827,-0.424474640486435,0
1496182480,79,4,0.588030874471957,-0.245879400399666,0
1496256243,82,4,0.525392510090018,-0.313926393836758,0
1496267495,107,4,0.415474203838511,-0.450050382343283,0
1496270089,95,4,0.560088956083467,-0.389143980943127,0
1496270624,45,4,0.34450628435515,-0.406261967488166,0
1496316414,107,4,0.396718672523726,-0.55502677987131,2
1496323303,140,4,0.450075413264648,-0.610215659263803,0
1496323853,149,4,0.458622342478021,-0.506857013286078,0
1496345330,93,4,0.48770778061601,-0.457723822537241,0
1496348220,86,4,0.535306921866602,-0.467129502970674,0
1496349489,30,4,0.432840077761282,-0.307498635119496,0
1496403343,29,4,0.528515143559585,-0.369354254557609,0
1496405850,8,4,0.504512473337641,-0.647742289164171,0
1496418308,72,4,0.444231151250206,-0.592383145759068,0
1496418703,76,4,0.335254956637802,-0.529321906690103,0
1496434278,2,4,0.661576476636854,-0.553034650161144,0
1496437163,54,4,0.407091648415407,-0.462701366452397,0
1496491508,26,4,0.594365584869319,-0.587347002211737,1
1496492843,113,4,0.603930631285397,-0.427679030988931,0
1496501073,2,4,0.56075924794072,-0.264220454111975,0
1496502864,144,4,0.391352775661039,-0.446868409693433,0
1496507670,21,4,0.519679357430349,-0.59039939444645,0
1496508339,125,4,0.344431819322287,-0.299145755338227,0
1496512889,152,4,0.478813320538765,-0.2803020888573,2
1496520789,95,4,0.388468237395555,-0.45021624798981,0
1496566481,24,4,0.433076745476013,-0.345500909214876,1
1496569939,2,4,0.424907330235617,-0.315870409833678,0
1496571017,76,4,0.425774353886966,-0.427119860830217,0
1496573150,50,4,0.391444755575676,-0.526403670533174,1
1496587952,150,4,0.5153574707582,-0.443963633457485,0
1496590047,73,4,0.489671909514831,-0.409820699843223,0
1496599761,8,4,0.593738144573592,-0.448982471066629,0
1496604914,21,4,0.505218162136401,-0.149651689981991,0
1496605373,72,4,0.59307650923986,-0.260366477411144,0
1496611785,130,4,0.499908463188864,-0.334333862132035,0
1496613915,122,4,0.511186530746332,-0.440482639297019,0
1496614249,21,4,0.602528256762985,-0.363914704846138,0
1496615655,116,4,0.392189252429642,-0.572847728040861,0
1496664118,62,4,0.463413593014275,-0.51338553500743,0
1496666167,109,4,0.407011554395462,-0.5597691044542,0
1496666664,105,4,0.379382145714287,-0.525854995214064,0
1496672640,73,4,0.493950096670983,-0.419457357821213,0
1496675606,83,4,0.375273045529284,-0.510446108799874,0
1496697211,109,4,0.461748119946019,-0.415985859099931,1
1496698181,103,4,0.267115729129672,-0.546108595581035,0
1496749461,88,4,0.35058332304354,-0.367677396665356,0
1496749986,118,4,0.475743025367301,-0.45043967802414,0
1496756294,140,4,0.429898146356681,-0.42534400654682,0
1496757378,5,4,0.375785798343457,-0.444311178533148,0
1496762123,151,4,0.330105268502834,-0.493539817902735,0
1496764826,20,4,0.391416769948444,-0.506509523812516,0
1496769087,48,4,0.400558702905837,-0.359722838184374,0
1496780558,109,4,0.47078141487845,-0.281335243798168,0
1496826964,113,4,0.421430913088794,-0.486380120156677,0
1496842517,50,4,0.549992709938634,-0.46704083275374,0
1496843498,96,4,0.457818468795771,-0.485071742788491,0
1496850156,95,4,0.394679767946539,-0.457140528444816,0
1496854809,38,4,0.454271363927808,-0.53759831519839,0
1496862279,45,4,0.380921180249376,-0.371125529768219,0
1496863886,118,4,0.527646691292406,-0.5614250165532,0
1496911744,59,4,0.619693485552927,-0.397191234842748,0
1496931491,5,4,0.612114640061781,-0.280131275056181,0
1496951103,83,4,0.332913384549761,-0.435208100604397,0
1496953251,88,4,0.672341039971646,-0.654934265151147,0
1496953618,13,4,0.430573718663172,-0.493183639668918,0
1497001005,98,4,0.509176169224618,-0.620565155836913,1
1497006732,152,4,0.361273872853787,-0.159291757298888,0
1497010779,102,4,0.508821923523483,-0.41150611699107,0
1497013809,52,4,0.459352889680529,-0.255005892922848,0
1497022544,75,4,0.336575307987302,-0.476456214353134,0
1497032969,139,4,0.508714275551295,-0.565171003690496,0
1497038734,1,4,0.399333165137059,-0.466991105710034,0
1497047156,48,4,0.418424536066824,-0.333068748051712,0
1497082953,113,4,0.303403555296776,-0.229949409410439,0
1497085280,106,4,0.473843371199012,-0.40969300375553,0
1497087645,150,4,0.4222265742249,-0.552500774781638,0
1497102304,116,4,0.283435696429549,-0.430011645519174,0
1497114558,146,4,0.510173759081201,-0.465170873484101,0
1497122801,26,4,0.66519343197436,-0.537456003216262,0
1497128685,39,4,0.479885152530255,-0.52392875752528,0
1497196133,30,4,0.326195461122056,-0.58230317043616,0
1497197770,58,4,0.395058618302475,-0.467475518754177,0
1497207662,2,4,0.623156926755379,-0.503468536167593,0
1497214063,109,4,0.529990974377091,-0.377308432101645,0
1497215921,85,4,0.387868127479164,-0.377525623758748,0
1497217958,39,4,0.422609668217207,-0.397142806043695,0
1497265427,85,4,0.538926332318663,-0.455397769124623,2
1497269413,48,4,0.477974319704132,-0.5099072651686,0
1497287031,48,4,0.441462435816127,-0.480041183850982,0
1497298976,140,4,0.477196310381853,-0.3966649357456,0
1497361768,5,4,0.472816412987029,-0.372872873314048,0
1497362975,79,4,0.483427289796072,-0.604871420931647,0
1497368066,26,4,0.459258048506029,-0.516764094300451,0
1497392003,86,4,0.447581962487771,-0.570214440503704,0
1497436588,110,4,0.311408426376844,-0.385115149612738,0
1497459301,110,4,0.437808588416344,-0.460310606487561,0
1497462574,5,4,0.359191529551745,-0.546177997978772,0
1497472145,64,4,0.622350983384606,-0.3492959072669,0
1497481122,122,4,0.449349391542706,-0.527188744816315,0
1497519054,91,4,0.550200957746054,-0.568029278241175,0
1497521539,125,4,0.250941351809373,-0.456064149942279,0
1497521911,139,4,0.693760755773283,-0.371419796448703,0
1497542457,23,4,0.523035043660953,-0.523350351600085,0
1497549825,86,4,0.514249483586738,-0.551031386677814,0
1497554092,108,4,0.446758556819534,-0.518939713040964,0
1497555901,43,4,0.408113319055264,-0.297309107597809,0
1497556383,81,4,0.4950460359256,-0.358971069897846,1
1497557269,96,4,0.520284296645452,-0.428830185809235,0
1497560854,152,4,0.596856479561555,-0.480683950703779,0
1497567404,73,4,0.496471745748831,-0.517085029124823,0
1497606135,143,4,0.545172058596877,-0.565565001852403,0
1497616814,30,4,0.329741522542325,-0.554683518204781,0
1497622049,75,4,0.464534388683959,-0.367256855134166,0
1497629519,135,4,0.334739411370099,-0.278082296723082,0
1497630758,88,4,0.475470128225237,-0.559554312050629,0
1497637685,39,4,0.49090739392575,-0.4039868095098,0
1497638990,17,4,0.423170127961796,-0.373772793668132,0
1497649854,35,4,0.425594992939342,-0.576408214031873,0
1497688205,9,4,0.444899139018978,-0.408091466109747,0
1497693480,108,4,0.384436588872209,-0.419473981078758,0
1497705295,98,4,0.381690307136069,-0.376888133456577,0
1497712445,52,4,0.461654805556964,-0.540355094056135,0
1497717715,81,4,0.430637821754115,-0.494116681960603,0
1497775205,9,4,0.550543872970591,-0.537818307946512,0
1497778342,141,4,0.254542729118453,-0.430101038195852,0
1497781883,17,4,0.282669670666203,-0.670939967420532,0
1497788324,102,4,0.482881468319608,-0.457727668712897,0
1497793580,45,4,0.536206757125844,-0.61272340708906,0
1497794768,143,4,0.504339978706043,-0.328566966233737,0
1497802390,94,4,0.49540031621127,-0.428484807807767,0
1497803401,146,4,0.614942969753132,-0.39569612003429,0
1497803774,1,4,0.525414986463179,-0.346945801228919,0
1497818249,10,4,0.503520256651996,-0.61953315337657,1
1497824094,23,4,0.410013705808906,-0.354982773521372,0
1497880804,58,4,0.398944754661811,-0.529414274903065,0
1497907801,38,4,0.452293670936313,-0.462130440871101,0
1497956539,14,4,0.515092059265658,-0.585051122809578,0
1497964307,62,4,0.263676204900375,-0.281711171258195,0
1497972610,35,4,0.293482342803046,-0.572540345350389,0
1497973355,53,4,0.494322235171798,-0.302754839657446,0
1497987759,18,4,0.338690190982178,-0.52980994207949,0
1497994620,18,4,0.479555770638336,-0.307873843104715,0
1498034069,140,4,0.470215812914652,-0.5430914065079,0
1498038305,79,4,0.358308217493673,-0.517121471384749,0
1498049988,98,4,0.523521891358735,-0.518594953977966,0
1498054249,13,4,0.484686233240847,-0.563280234393232,0
1498055946,85,4,0.478117497721373,-0.341845637063961,0
1498060673,120,4,0.392807255253237,-0.568549587010435,0
1498067595,99,4,0.531542389973569,-0.429812119276282,0
1498076669,85,4,0.36603603203872,-0.460414786694261,0
1498076738,106,4,0.501899042646858,-0.584746781511881,0
1498080440,1,4,0.46839083815991,-0.502677228055081,0
1498125928,120,4,0.342354107606337,-0.247787001033249,0
1498131868,125,4,0.509528939703588,-0.35885387385178,0
1498132187,30,4,0.585135599263886,-0.367954176069137,0
1498154183,135,4,0.431859676584825,-0.453555544255153,0
1498164428,13,4,0.307465054855801,-0.617113718284427,0
1498165595,62,4,0.513950483382201,-0.452552822672625,0
1498171048,85,4,0.590598025651916,-0.550478620389699,0
1498171188,9,4,0.504731655905476,-0.57228230995945,0
1498171343,95,4,0.691711883882768,-0.516731070236889,0
1498215418,54,4,0.512770741247279,-0.401963623185561,0
1498218402,144,4,0.518737117691424,-0.279396609147033,0
1498230363,119,4,0.365864744238781,-0.349280817992403,0
1498239051,88,4,0.321362206365942,-0.450399587157262,0
1498295411,85,4,0.17343063874075,-0.515845277031967,0
1498296841,108,4,0.370929071978545,-0.406649798634555,0
1498307506,138,4,0.512811074893918,-0.444377147366324,0
1498309039,135,4,0.40135780668632,-0.506833896316966,0
1498309104,143,4,0.459425302260727,-0.583218996754439,0
1498311011,88,4,0.483372608575008,-0.527784539521382,0
1498312436,66,4,0.314260297533285,-0.499961815914118,0
1498320633,141,4,0.331267199493096,-0.319324215226812,0
1498326306,113,4,0.466918320752387,-0.372329690503426,0
1498326662,24,4,0.295738187444628,-0.29348432537417,1
1498329615,18,4,0.388600770153682,-0.381343883148217,0
1498333620,112,4,0.413123049091148,-0.314223673490693,0
1498337385,99,4,0.504358753884779,-0.497352908001258,0
1498382893,82,4,0.552867681520856,-0.510299587632783,0
1498396397,35,4,0.604935173396614,-0.646843189061251,0
1498399549,52,4,0.412682679123305,-0.43985822421066,0
1498409222,151,4,0.445610895100286,-0.281290657865766,0
1498412141,130,4,0.457697801426806,-0.520252090875663,0
1498423565,64,4,0.464404094687499,-0.379195067316095,0
1498429748,117,4,0.443032317974815,-0.535398432497543,0
1498481783,30,4,0.447135868462592,-0.422528342798604,0
1498482195,140,4,0.310099628256015,-0.446278847335699,0
1498487046,118,4,0.289356238741805,-0.344634809440053,0
1498488113,141,4,0.609993312665022,-0.53727458996196,0
1498491495,116,4,0.331023639945259,-0.388469509219875,0
1498497386,53,4,0.346631385089077,-0.430237694440405,0
1498497455,106,4,0.294450096248598,-0.521460124870207,0
1498504682,79,4,0.347845181234501,-0.520748996125154,0
1498505369,73,4,0.232603474456568,-0.499744886575274,0
1498569083,58,4,0.515836083211955,-0.310943105726354,0
1498572525,56,4,0.31860257810929,-0.317502461727971,0
1498577093,86,4,0.392401019567739,-0.617346083596783,0
1498579370,19,4,0.42680935200902,-0.5051230608591,0
1498588249,62,4,0.502475654563585,-0.553276393534534,0
1498588479,140,4,0.473646204863621,-0.557277606098141,0
1498592166,85,4,0.431772231037161,-0.466377201748667,0
1498603016,38,4,0.512876995256536,-0.49091641110709,0
1498652665,149,4,0.408652722955103,-0.430144481471162,0
1498658070,91,4,0.424905313426633,-0.384547408891973,0
1498667212,91,4,0.451557616795029,-0.303007909883838,0
1498671613,52,4,0.204839703961406,-0.381904223814405,0
1498671843,58,4,0.390955931981108,-0.455697002640454,0
1498672063,101,4,0.575331740592188,-0.327674460632677,0
1498677694,150,4,0.509595845728879,-0.608367388606214,0
1498685581,19,4,0.504431853288458,-0.437033856903215,0
1498687819,133,4,0.348393469410532,-0.519701457562751,0
1498741107,12,4,0.48858363735003,-0.617719990114939,0
1498749365,48,4,0.411247367579468,-0.286738275080211,0
1498758830,101,4,0.373838495278441,-0.297420959145787,0
1498766422,18,4,0.476690826964112,-0.427348789425393,0
1498771205,88,4,0.401635520095836,-0.580935374703315,0
1498823118,22,4,0.494264685211174,-0.429882239248956,0
1498824786,116,4,0.437588429681367,-0.473636901108939,0
1498825303,22,4,0.386112511376354,-0.485865322418283,0
1498838055,79,4,0.371274237687902,-0.393833618025779,0
1498841799,75,4,0.557379684340966,-0.498945147688736,0
1498858987,12,4,0.527671513745718,-0.496160355357573,0
1498899900,53,4,0.366546689180829,-0.528569465345315,0
1498905478,85,4,0.3917268618091,-0.393516479747069,0
1498908387,81,4,0.338222130234029,-0.485865210936554,0
1498910807,93,4,0.497707752898098,-0.445138009349925,0
1498915312,83,4,0.429002905498513,-0.551239410198452,0
1498919884,110,4,0.454406750089823,-0.689742988615196,0
1498923946,96,4,0.219994527364086,-0.280585628557116,0
1498924165,135,4,0.449651155422567,-0.423997606861602,0
1498925300,38,4,0.276785811172283,-0.526563647451823,0
1498929026,96,4,0.748521127402974,-0.397769083597112,0
1498936396,75,4,0.500491860883863,-0.400715823706923,0
1498937017,58,4,0.399282916068215,-0.421139277605199,0
1498947321,110,4,0.496513185754471,-0.373931164198766,0
1498948107,35,4,0.318502119987612,-0.501232150952962,0
1498948366,119,4,0.535003768379709,-0.270313515353988,0
1498949452,147,4,0.551346738649114,-0.562696424440051,0
1498984631,21,4,0.640781530090873,-0.325195684246386,0
1498989947,53,4,0.395645414479559,-0.388516801109628,0
1498989996,83,4,0.403965464338516,-0.362186648415977,0
1498993110,72,4,0.536753816331311,-0.617764629489943,0
1499002269,118,4,0.368968838586688,-0.496545896274461,0
1499003721,48,4,0.34831929630487,-0.356977015133806,0
1499010894,38,4,0.317403191335179,-0.605338985266417,0
1499011146,81,4,0.552163911568291,-0.505298909897195,0
1499016661,147,4,0.308576836071734,-0.384336193583486,0
1499022102,88,4,0.370045285506076,-0.405380113906013,0
1499030714,26,4,0.430410017283288,-0.501448745256867,0
1499069775,79,4,0.555656511481279,-0.452021112137927,0
1499071734,102,4,0.404502185117326,-0.591606688340297,0
1499074460,91,4,0.516956195255788,-0.563771567527613,0
1499089786,92,4,0.526499627846269,-0.468099081488003,0
1499092805,26,4,0.521252289774438,-0.696249803445176,0
1499097022,19,4,0.35524430301,-0.469852002123666,0
1499105028,12,4,0.501756590290932,-0.237383690164573,0
1499105672,79,4,0.401890473805406,-0.466724408531308,0
1499157747,13,4,0.343072106934983,-0.248182438531163,0
1499162762,17,4,0.30399679624462,-0.452080364239333,0
1499162966,133,4,0.305908476617932,-0.388940344219732,0
1499168097,55,4,0.40559069361467,-0.644190784645515,0
1499174032,59,4,0.517361567314209,-0.56050763569526,0
1499174315,112,4,0.604229152041786,-0.361287320093552,0
1499180191,10,4,0.643019995253617,-0.42601733430925,0
1499188980,83,4,0.374451053913903,-0.420302168214324,0
1499195086,122,4,0.440798209650523,-0.54635109121151,0
1499201155,20,4,0.525334537273925,-0.510180453606894,0
1499203436,31,4,0.565898158050552,-0.520202915180937,0
1499250912,102,4,0.35303076637402,-0.331638133830575,0
1499257894,49,4,0.244604616598869,-0.589793481174368,0
1499259009,22,4,0.397606371978138,-0.430102716376418,0
1499259864,92,4,0.552278075010339,-0.495412717504214,0
1499273301,30,4,0.588162598761471,-0.447644520741959,0
1499284664,59,4,0.4962363645099,-0.541481688595203,0
1499328535,85,4,0.473885119404027,-0.253175558155374,0
1499349957,151,4,0.500211431471095,-0.512184058864765,0
1499352401,83,4,0.517546899918302,-0.395934393485688,0
1499366804,16,4,0.447465117178418,-0.317407454341983,0
1499370332,110,4,0.341381355447633,-0.48044744616832,0
1499380332,98,4,0.457614797858187,-0.454823588100772,0
1499422661,54,4,0.544850265514432,-0.443071657907933,0
1499424868,122,4,0.513968707380855,-0.485463905956607,0
1499429157,152,4,0.369445692090129,-0.462972517201684,1
1499430101,14,4,0.366167637275393,-0.531825957205294,1
1499436810,139,4,0.441128320783979,-0.331246981212239,0
1499449909,60,4,0.473398300268961,-0.362175532960775,0
1499465286,138,4,0.266081282375049,-0.350442521061813,0
1499502721,29,4,0.341567377859575,-0.518230448687707,0
1499502895,113,4,0.540918760242356,-0.35257958422821,0
1499504614,53,4,0.505757632446896,-0.217538501912629,0
1499505791,118,4,0.456753711308997,-0.679689451356296,0
1499511716,109,4,0.261408353357588,-0.530635858840362,0
1499518834,59,4,0.495533053449681,-0.535503064360014,0
1499522158,98,4,0.332575337445603,-0.43862069179332,1
1499524058,64,4,0.449209693241137,-0.400883668467651,0
1499529112,47,4,0.566661369054058,-0.599358094765335,0
1499530845,135,4,0.236817640828664,-0.28546906833358,0
1499542589,53,4,0.365610348917342,-0.443984165478091,0
1499553059,53,4,0.664302504189143,-0.381168557677903,0
1499588420,96,4,0.407652282384149,-0.422498197532736,0
1499591376,141,4,0.323964733385218,-0.431331318431584,0
1499595115,150,4,0.586817480699569,-0.374028006571705,0
1499600453,64,4,0.440264845461312,-0.35747975364167,0
1499606116,105,4,0.273955106167142,-0.522765419703371,0
1499608126,21,4,0.490278195686307,-0.507967255163414,0
1499611000,2,4,0.43555066634674,-0.389140660686811,7
1499618826,21,4,0.490572318235499,-0.453764318867247,0
1499622806,153,4,0.317136300450169,-0.486034831277656,0
1499626688,39,4,0.575768385003189,-0.378830569289132,0
1499634042,2,4,0.224172652678119,-0.572414932732665,7
1499680802,91,4,0.529210925314235,-0.463619956396866,0
1499687124,143,4,0.616947645498941,-0.533438659039827,0
1499689362,29,4,0.602827324221638,-0.372648940938437,7
1499696737,91,4,0.484449983910412,-0.518717392498918,0
1499715946,69,4,0.430825377039804,-0.554099457785461,0
1499722633,150,4,0.304947506342772,-0.415946724547349,0
1499771464,12,4,0.333586808968527,-0.555818508205928,0
1499772309,98,4,0.222045341391297,-0.396015153610512,0
1499780192,140,4,0.502275329859787,-0.373870450765737,0
1499792575,133,4,0.457658071373196,-0.346469613341258,0
1499795240,153,4,0.490380779346852,-0.479831132941783,0
1499798650,107,4,0.511160143453935,-0.372432098821629,0
1499799220,20,4,0.461839763917942,-0.533586178423967,0
1499805650,58,4,0.639449702354154,-0.467259784985376,0
1499847328,103,4,0.590638356416214,-0.337434672717008,0
1499854636,31,4,0.604522150047163,-0.429607516057124,0
1499855388,93,4,0.541950934357885,-0.371514855033543,0
1499865189,22,4,0.598022095808516,-0.541093514819163,0
1499873677,39,4,0.423964236550186,-0.505713729229066,0
1499875455,29,4,0.715056062953482,-0.49275281882579,0
1499881305,56,4,0.606009018701685,-0.371925974156117,0
1499884709,124,4,0.411826521467906,-0.337562032692731,0
1499884758,91,4,0.452720467643348,-0.637358938910107,0
1499886292,101,4,0.429831633989809,-0.324560790559278,0
1499896621,86,4,0.391990560187783,-0.419717207877313,0
1499896857,46,4,0.473668027531418,-0.418699678701333,0
1499942421,99,4,0.426209577357206,-0.465213118708966,0
1499942441,22,4,0.471339163556308,-0.467217026761945,0
1499943971,8,4,0.450883388714528,-0.382009447914177,0
1499952623,86,4,0.285368721768014,-0.304900312634174,0
1499959808,96,4,0.47775541809208,-0.44226674846516,0
1499969569,46,4,0.401987828536098,-0.393499463009354,7
1499970033,124,4,0.509122405384653,-0.553596777690064,0
1499970716,29,4,0.512852414565376,-0.345609805820089,0
1499973437,75,4,0.615623226944411,-0.340675729700756,0
1499983116,9,4,0.334201085654679,-0.384032227022014,0
1500029873,20,4,0.548114205474076,-0.535066038211738,0
1500031940,29,4,0.299114713522974,-0.307988364799422,0
1500036542,83,4,0.500845350214783,-0.553474264662063,0
1500043089,38,4,0.484289010512361,-0.591401550993326,0
1500047887,6,4,0.334475486959449,-0.464996958207982,0
1500049106,151,4,0.571560951711239,-0.512358407982097,0
1500050091,10,4,0.522393403436952,-0.562076673207378,0
1500050401,139,4,0.327664884011692,-0.410632455542085,0
1500054885,149,4,0.358535575016579,-0.418180224089489,1
1500062052,109,4,0.585748586925549,-0.384751287976116,0
1500063284,109,4,0.42495028240504,-0.377676128500815,2
1500073193,56,4,0.528938504815405,-0.371489931772529,0
1500112766,141,4,0.631883679582879,-0.510451764527676,0
1500113600,113,4,0.378354344297503,-0.246337164834822,0
1500120471,105,4,0.578851697134466,-0.401803851354215,0
1500124222,54,4,0.419780344531655,-0.758996989872945,0
1500125970,140,4,0.266539893882094,-0.289790428069045,0
1500128875,85,4,0.418092214963764,-0.403833871566806,0
1500139227,22,4,0.43222933171838,-0.350704942219697,0
1500140995,60,4,0.348964110700107,-0.404504703683342,0
1500143511,95,4,0.343254908076845,-0.449586030487692,0
1500150569,83,4,0.559504563713001,-0.651806964457482,0
1500152057,38,4,0.336690944115411,-0.255718632432878,0
1500155027,30,4,0.567352274189199,-0.327168221369005,0
1500156004,117,4,0.559291365482165,-0.391760561065438,0
1500156661,8,4,0.50661886665186,-0.312299777425538,0
1500159565,81,4,0.457177012034831,-0.529441600366537,0
1500194696,106,4,0.23316158996829,-0.505331260038951,0
1500203885,45,4,0.467694139096796,-0.464372753833187,0
1500206631,26,4,0.479603306350015,-0.649992139951776,0
1500209997,133,4,0.423055675765073,-0.367868698906921,0
1500211228,19,4,0.412248381450264,-0.392290822667272,0
1500211435,8,4,0.368244693688242,-0.475410545383167,0
1500221161,96,4,0.304181234287798,-0.503700368038571,0
1500222336,62,4,0.441843529964449,-0.406227838735428,0
1500227095,91,4,0.58340160048228,-0.565151166911079,0
1500229729,69,4,0.42798857321084,-0.563357028011404,0
1500230051,18,4,0.534675601500295,-0.614055807809331,0
1500230993,16,4,0.519324240849179,-0.361326304701204,1
1500238836,108,4,0.21050303140138,-0.404529096140676,0
1500241128,73,4,0.469544502172458,-0.634309076025659,0
1500243992,64,4,0.539605638047866,-0.350172650988646,0
1500280957,52,4,0.642625670523555,-0.437345895960758,0
1500281273,43,4,0.571305522845091,-0.425507525382245,0
1500283033,2,4,0.503450345367923,-0.470821664715896,0
1500283906,30,4,0.396639907368541,-0.37109174311615,0
1500287037,102,4,0.24883287213609,-0.320421754017946,0
1500297895,143,4,0.40427562551487,-0.337822740953297,0
1500302213,103,4,0.421138771166896,-0.467784166873892,2
1500302439,152,4,0.4502209385525,-0.430936853004705,0
1500303530,118,4,0.451073605320332,-0.492297330428188,0
1500303598,58,4,0.523366343596974,-0.391555058860678,0
1500309477,12,4,0.421954020580774,-0.435671752342379,0
1500367253,91,4,0.436025912612314,-0.554823140420059,0
1500374268,102,4,0.49049146869611,-0.396118984475534,0
1500386776,109,4,0.5040080921745,-0.466932260360005,0
1500389108,73,4,0.315940492083502,-0.56926486303596,0
1500395367,16,4,0.636347014810407,-0.339074076728149,0
1500396455,48,4,0.35029004304092,-0.482013766868684,0
1500396885,72,4,0.58392511924312,-0.489116695656481,0
1500399443,130,4,0.548194897157213,-0.347263115950707,0
1500416232,35,4,0.429624845664635,-0.454333288589239,0
1500454246,8,4,0.484468568283336,-0.300036911524877,0
1500457989,20,4,0.415337176730284,-0.374009728534865,0
1500460076,18,4,0.328456239286019,-0.331878765767503,0
1500460831,21,4,0.638143291141517,-0.568826437022371,0
1500464049,69,4,0.436151286317409,-0.430450979564801,0
1500466621,53,4,0.421724675982477,-0.536440931077805,0
1500474722,38,4,0.491982438347073,-0.456731559324714,0
1500476144,124,4,0.571952944430201,-0.496557132559601,1
1500477386,73,4,0.492360279379818,-0.486977008795578,0
1500486799,73,4,0.526866951875678,-0.427791771040892,0
1500487873,21,4,0.235881230109368,-0.477401428879365,0
1500491173,39,4,0.525223625703109,-0.375464757920306,0
1500491859,94,4,0.442233991855694,-0.539599274198181,0
1500552476,139,4,0.538003472339652,-0.383947899275144,0
1500554747,110,4,0.53392531790237,-0.320957623312383,0
1500559198,143,4,0.241261726586487,-0.330926199618037,0
1500559490,110,4,0.472896425275565,-0.506357322515071,0
1500576620,83,4,0.485064636420563,-0.482772498283189,1
1500579979,117,4,0.207404066355916,-0.577946511820571,0
1500580022,31,4,0.483159220428938,-0.361755381026564,0
1500582918,79,4,0.594462845192121,-0.480528957317791,0
1500586092,14,4,0.545508930859413,-0.438958219230168,0
1500638204,103,4,0.551378847294698,-0.313431230879644,0
1500646952,113,4,0.503282035768963,-0.356850372362999,0
1500664169,12,4,0.470081781600204,-0.582065788455036,0
1500665333,91,4,0.469064489455623,-0.448674657020898,1
1500669949,31,4,0.276201565139569,-0.536676522206335,0
1500715931,95,4,0.524545278304626,-0.30209780341341,0
1500717353,135,4,0.357855557282263,-0.34272269094466,0
1500719759,43,4,0.345846624016422,-0.356241408780777,0
1500725063,147,4,0.317806493261528,-0.581778324220065,0
1500728371,16,4,0.487631819523806,-0.442520470760908,0
1500728521,22,4,0.389798160549704,-0.508739070121291,0
1500736151,110,4,0.326889673497032,-0.288450371311694,0
1500737612,54,4,0.447507530711697,-0.406179622795535,0
1500740779,62,4,0.439262312177982,-0.668026059189658,0
1500744079,151,4,0.460650864935397,-0.660703220575676,0
1500747673,59,4,0.402240633891349,-0.492241008602253,0
1500751217,144,4,0.384336990396702,-0.458195713534464,0
1500751984,46,4,0.4997297713325,-0.521736003122506,0
1500755641,133,4,0.401489758238326,-0.402642546726432,0
1500764341,143,4,0.473773234451239,-0.343138593809406,0
1500800057,73,4,0.434584233960577,-0.59541866692572,0
1500810788,26,4,0.386136902640955,-0.558137161819169,0
1500811236,99,4,0.501132537749309,-0.411230900043849,0
1500811514,59,4,0.447366557276345,-0.510318340141122,0
1500819541,47,4,0.4955957639037,-0.560053786877459,0
1500827823,53,4,0.387974230716215,-0.384275459850128,0
1500832836,46,4,0.62717257307964,-0.483629934563534,0
1500833965,6,4,0.457329659908395,-0.563401693082912,0
1500834087,69,4,0.195866470965064,-0.414827485809352,0
1500840023,43,4,0.360240484966269,-0.402144256732016,0
1500846186,31,4,0.520456124475744,-0.566008479390388,0
1500846720,45,4,0.412202892890856,-0.471552871968338,0
1500847295,94,4,0.417287496124991,-0.540059414292184,0
1500850628,48,4,0.416946469224003,-0.38793387469337,0
1500886575,47,4,0.345175808903066,-0.619841410713137,0
1500895595,101,4,0.493152633350839,-0.394440769872752,0
1500900456,66,4,0.530842007146244,-0.362043623623439,0
1500901650,43,4,0.562473610785922,-0.345632729224241,0
1500902286,55,4,0.325513788768344,-0.456954465831921,0
1500902454,120,4,0.457702460986823,-0.491431000642916,0
1500904052,108,4,0.408778210532058,-0.423904347584219,0
1500907705,112,4,0.54650957215237,-0.555437607153077,0
1500910624,20,4,0.518877005264259,-0.371539080862395,0
1500917081,152,4,0.455787718903415,-0.336530019436602,0
1500917837,59,4,0.448278556969869,-0.422441569018029,1
1500929391,56,4,0.360341348811399,-0.557974654596345,0
1500970468,110,4,0.557618770461018,-0.38121882557422,0
1500973506,14,4,0.51854548103419,-0.264247394492779,0
1500998297,109,4,0.512325623471864,-0.513096170062341,1
1500998616,143,4,0.342172523657478,-0.604005976990494,0
1500999100,151,4,0.39672844132635,-0.632291406900966,0
1501004652,22,4,0.500114941394347,-0.477081754338793,2
1501004906,35,4,0.450144461487858,-0.249878251612068,7
1501011541,39,4,0.42788131281389,-0.528578538632923,0
1501016405,46,4,0.368178608309517,-0.368040752859522,0
1501021361,26,4,0.610519827331529,-0.588037424215752,0
1501059942,141,4,0.517186249905974,-0.502603586236389,0
1501061349,119,4,0.510056977481436,-0.54981358429088,0
1501067105,105,4,0.498117786744885,-0.340128892280464,0
1501075284,69,4,0.527353886282625,-0.432928153659284,0
1501075345,98,4,0.470073076768611,-0.475199067067509,0
1501076816,58,4,0.546796803508099,-0.318300801462273,0
1501077993,141,4,0.474863603907391,-0.500604784206955,0
1501078016,19,4,0.474599539703898,-0.324167407337896,0
1501082162,125,4,0.429987114618202,-0.556905591419238,0
1501082736,83,4,0.469832980158576,-0.3507675194051,0
1501083017,64,4,0.456132176600327,-0.395545428869033,0
1501085594,72,4,0.40231225505895,-0.504593370341679,0
1501099240,76,4,0.302886050509833,-0.534149493245584,0
1501100730,9,4,0.296594047620424,-0.426465382600493,0
1501103847,72,4,0.365859042966566,-0.591009552381638,0
1501105919,64,4,0.687375375673521,-0.52108995731904,0
1501146535,130,4,0.545560611867738,-0.486641027675652,0
1501147768,30,4,0.517348247595836,-0.61638002128978,0
1501148561,86,4,0.418802731277717,-0.340808537579695,0
1501155652,22,4,0.424290013893629,-0.463207638752573,0
1501156721,29,4,0.323409668561443,-0.22620027641825,0
1501159060,35,4,0.384224724044126,-0.510984494093277,0
1501162509,34,4,0.62141722602229,-0.331850758113266,0
1501169055,109,4,0.429447618031632,-0.454820044611085,0
1501174142,103,4,0.525809291948947,-0.313579708524089,0
1501175839,151,4,0.473383776182374,-0.388013980474854,0
1501176328,54,4,0.556689662734157,-0.51633379507924,0
1501185136,17,4,0.655709886626162,-0.305379165506515,0
1501188813,116,4,0.450634125492916,-0.586882243759865,0
1501191444,35,4,0.487782201438836,-0.487024433592065,0
1501192642,48,4,0.525135286961099,-0.457943998928151,0
1501229714,1,4,0.44071474166543,-0.635563532964554,0
1501233373,60,4,0.338120509013213,-0.6363915463556,0
1501246936,152,4,0.414131123372279,-0.39394308705031,0
1501249114,48,4,0.296320999892543,-0.517132898000894,0
1501252635,5,4,0.510797663967803,-0.302707653384918,0
1501254488,58,4,0.504392995546931,-0.401855174235401,0
1501257670,110,4,0.649347352528817,-0.358307539105893,0
1501264467,88,4,0.362475593153118,-0.334321616388606,0
1501277229,130,4,0.430947445521151,-0.3312047927692,0
1501281946,88,4,0.605841003922464,-0.468530292177142,0
1501282676,52,4,0.402268759560629,-0.589061662687275,0
1501317695,38,4,0.394893739409764,-0.440236377410997,0
1501318161,14,4,0.297810561430379,-0.342726200696569,0
1501319739,76,4,0.386065039716404,-0.48088775165714,0
1501323198,56,4,0.39967813332204,-0.486216270275748,0
1501331180,75,4,0.500879871603122,-0.504689528705273,0
1501338653,20,4,0.413958760899569,-0.450546309851502,2
1501338931,39,4,0.427656117454673,-0.292467647134644,0
1501345926,108,4,0.484460540134592,-0.360583237272474,0
1501347749,122,4,0.404623581699129,-0.277633032919369,0
1501348740,13,4,0.374907384560125,-0.613350190521421,0
1501354276,34,4,0.467301558682911,-0.421576928669936,0
1501360391,34,4,0.478062868326425,-0.396799454361621,0
1501364437,55,4,0.376326797768365,-0.535830058655554,0
1501368959,48,4,0.368498266339181,-0.467689999581924,0
1501369124,76,4,0.579936563498904,-0.391948224066366,0
1501414676,94,4,0.391196540352574,-0.421383634722831,0
1501414822,153,4,0.378178580383923,-0.545424298385667,0
1501415227,143,4,0.407833739708823,-0.471032575590595,0
1501417638,117,4,0.513697793589073,-0.45038447528893,0
1501418600,103,4,0.45735332184343,-0.442896048494356,0
1501423128,117,4,0.353412258651856,-0.40384884670609,1
1501424325,6,4,0.46680307670571,-0.543723542697626,2
1501424797,117,4,0.338721795053483,-0.578226453187762,0
1501424825,45,4,0.791717494322926,-0.440789822440303,0
1501425029,46,4,0.518465651444606,-0.449927309002949,0
1501425760,130,4,0.427745059016307,-0.325198608046816,0
1501426446,120,4,0.479985401518039,-0.542162350974425,0
1501440035,73,4,0.48961818733379,-0.281808628574098,0
1501444915,147,4,0.710406542296368,-0.294328598906887,0
1501445792,152,4,0.514106883671341,-0.47855400512706,0
1501453055,60,4,0.315329414433043,-0.446127197882714,0
1501454475,35,4,0.566884104607589,-0.632433880096306,0
1501489370,130,4,0.359955411880808,-0.377904954081194,0
1501491335,113,4,0.482715471360484,-0.483927094157679,0
1501496910,112,4,0.471093209951908,-0.477703827749032,1
1501507826,147,4,0.648834762097463,-0.606506319027508,0
1501510713,119,4,0.268714270407939,-0.410629091988493,0
1501511470,82,4,0.48354695901989,-0.481098397112405,0
1501514597,38,4,0.670907173016981,-0.28780055959659,0
1501516398,48,4,0.518107572770862,-0.313440718371254,0
1501519295,6,4,0.370518897433046,-0.61461951794002,0
1501520896,18,4,0.411839390224602,-0.48070334207528,0
1501527385,112,4,0.412335514038631,-0.36010823423514,0
1501528709,8,4,0.438565193373813,-0.375317687682312,0
1501529487,59,4,0.664531063150095,-0.315247969132033,0
1501532693,53,4,0.472602122253441,-0.319647502339507,0
1501538325,14,4,0.531270399826782,-0.488540178023714,0
1501539181,76,4,0.280123549842279,-0.447838824042455,0
1501541870,75,4,0.41134948780731,-0.421726360167797,0
1501581623,133,4,0.508522661999374,-0.45842828439708,0
1501585450,43,4,0.679803936517849,-0.276264390084819,0
1501586165,138,4,0.39577395480762,-0.519100958104749,0
1501587183,75,4,0.314180943909122,-0.242386499506079,0
1501600838,83,4,0.525397633481996,-0.631711090870947,0
1501602740,18,4,0.425638633087157,-0.328969316629267,1
1501603039,58,4,0.403430671846486,-0.367024411397286,0
1501606649,62,4,0.536909833840738,-0.358342107158905,0
1501608141,133,4,0.456452258477441,-0.49167103249729,0
1501613068,106,4,0.52586183125558,-0.4769280806232,0
1501614807,73,4,0.49746915453115,-0.453882455277948,1
1501614820,150,4,0.209816638075834,-0.580920148538876,0
1501616501,29,4,0.441532917648333,-0.292882529168985,0
1501627736,16,4,0.542091736084725,-0.398341150061132,0
1501628192,101,4,0.48703073683093,-0.262790846608519,0
1501673718,118,4,0.260276164729249,-0.476218380746097,0
1501675193,20,4,0.58031614962419,-0.442123557301593,0
1501676156,141,4,0.471562852696182,-0.356494736701874,0
1501677698,105,4,0.362076949824532,-0.52015807129751,0
1501681482,75,4,0.507870979891228,-0.391950100805628,0
1501681668,103,4,0.456515131887391,-0.553198472540103,0
1501684060,98,4,0.209154777624257,-0.620567654218434,0
1501704777,113,4,0.39152435325525,-0.597341399831704,0
1501704988,88,4,0.591589311121331,-0.318457220081432,0
1501707682,34,4,0.424300042963751,-0.593558797534756,0
1501708813,105,4,0.609763463842013,-0.499175928852602,0
1501710424,1,4,0.420023154705677,-0.431494458291507,0
1501710632,124,4,0.470418034852402,-0.519195712143354,0
1501712028,55,4,0.489192741555185,-0.550116092763211,0
1501714532,72,4,0.506483517102719,-0.450420849885944,0
1501749630,105,4,0.393497924765705,-0.440938534071886,0
1501750633,85,4,0.384370359009163,-0.531341496274247,0
1501753676,8,4,0.536511191569564,-0.617509867979288,0
1501755757,46,4,0.482562248228331,-0.567396086769831,0
1501759427,140,4,0.648810838704264,-0.556164426310253,0
1501760221,99,4,0.54484188464002,-0.408649331678974,0
1501760379,143,4,0.211652569175863,-0.343408590453195,1
1501766159,19,4,0.466551802515402,-0.512610206872741,0
1501770495,108,4,0.298556786654254,-0.519505824902947,0
1501771111,117,4,0.4100377005656,-0.523221561695667,0
1501773561,106,4,0.550770146886031,-0.637242122603994,0
1501774450,24,4,0.604005096682175,-0.418296744341146,0
1501775819,140,4,0.664621085773191,-0.531124738774242,0
1501778928,69,4,0.351464016353782,-0.492679577848835,1
1501834011,99,4,0.400390491664645,-0.403835536333406,0
1501834333,112,4,0.467581346287874,-0.422434513420737,0
1501840518,106,4,0.428038296457866,-0.437325130115362,0
1501840768,16,4,0.436801453808252,-0.345030677413624,0
1501848274,6,4,0.417519200036463,-0.433426053984809,0
1501856134,55,4,0.572943018012889,-0.206851199713685,0
1501861528,9,4,0.489930240139333,-0.603709782660869,1
1501865202,88,4,0.306703703833115,-0.302680523034039,0
1501872569,72,4,0.411007314117874,-0.465089376552368,7
1501878487,54,4,0.491654204453128,-0.461756253553185,0
1501881135,29,4,0.468765395629456,-0.640366309276473,0
1501882788,18,4,0.58961557012437,-0.511577414776372,0
1501885160,105,4,0.469603505835216,-0.509532955732402,0
1501887203,92,4,0.453853220506359,-0.625927552210075,0
1501920565,53,4,0.669301977580358,-0.4238324787492,0
1501923521,93,4,0.506448004874641,-0.540331668140193,0
1501932435,86,4,0.304822045855454,-0.473023094283865,0
1501934200,124,4,0.486794034849654,-0.455054499002825,1
1501938433,133,4,0.519784675457256,-0.495885742747722,0
1501940777,17,4,0.559690524610085,-0.568584278564752,0
1501941964,8,4,0.377970348387779,-0.617472555710125,0
1501942244,98,4,0.543330030627539,-0.357839133021327,0
1501943166,153,4,0.452625610152527,-0.405614426600928,0
1501947017,107,4,0.651209260538743,-0.357087551914239,0
1501949434,55,4,0.401784760067165,-0.666014187035803,1
1501950758,108,4,0.469913803904692,-0.432674195730712,0
1501951882,88,4,0.481097952459307,-0.565306787614143,0
1501955070,125,4,0.540066431565526,-0.465435751392582,0
1501962377,103,4,0.42839111838116,-0.413894367079358,0
1501964092,76,4,0.482717513723269,-0.547813155026372,0
1501971824,152,4,0.37186884493405,-0.725135344458981,0
1501971836,49,4,0.557230480546916,-0.461050880943262,0
1502010528,17,4,0.633002719884318,-0.433399982216384,0
1502013052,93,4,0.495730946960466,-0.442977523360774,0
1502013710,58,4,0.329891798112429,-0.51323551804213,0
1502017836,75,4,0.651253838272366,-0.392484468545379,0
1502020383,118,4,0.377153030820219,-0.556237608805441,0
1502021386,140,4,0.525872829484669,-0.553287750640982,0
1502024693,117,4,0.342557956044405,-0.438790327982202,0
1502026067,112,4,0.632027034636721,-0.423240830893825,0
1502028300,124,4,0.45780485406438,-0.455180450589959,0
1502029416,34,4,0.387014953084901,-0.440509441030886,0
1502038183,16,4,0.308724302487324,-0.37313250293455,1
1502040454,138,4,0.346896803689777,-0.292940122662764,0
1502043400,86,4,0.504364687559019,-0.458269008673285,0
1502043420,107,4,0.349401449805965,-0.387955826635636,0
1502044004,133,4,0.44063766195305,-0.583866963846662,0
1502049370,66,4,0.507492896602365,-0.497051807892743,0
1502050475,21,4,0.658089426610312,-0.225183830338169,0
1502050902,26,4,0.585263047881579,-0.474556634989767,0
1502058759,153,4,0.572307965545124,-0.5378729510865,0
1502107793,118,4,0.376251089462719,-0.44557839158278,0
1502110354,109,4,0.427711750287448,-0.240091403139342,0
1502111390,95,4,0.290603539344576,-0.413916239140649,0
1502114853,50,4,0.283160739919141,-0.559280596569741,0
1502120851,98,4,0.652421541676855,-0.368933873030478,0
1502121040,9,4,0.466407331370083,-0.293760559339371,0
1502126630,53,4,0.509331227203592,-0.701410303413869,0
1502126661,38,4,0.25660792388007,-0.539876330913389,0
1502136440,99,4,0.480520100516847,-0.337202304103523,0
1502139320,140,4,0.393898783828857,-0.45610715905487,0
1502141019,59,4,0.336669372163195,-0.547659476828753,0
1502181445,88,4,0.586165539092804,-0.420433926263937,0
1502185786,30,4,0.552177084635534,-0.168879560745598,0
1502188758,73,4,0.467409970078046,-0.259973235431313,0
1502189233,18,4,0.439107376903205,-0.353276243962918,0
1502193601,105,4,0.417198177411787,-0.563519864097799,0
1502196616,120,4,0.241673980873783,-0.390093770686534,0
1502200577,19,4,0.383151030699274,-0.577622497333396,0
1502202956,116,4,0.485894945708532,-0.512299412029684,0
1502208206,122,4,0.329789336820541,-0.363663954007781,0
1502210460,16,4,0.479413671665313,-0.469286883829784,0
1502211225,12,4,0.493252543350467,-0.50157441075299,0
1502214523,94,4,0.380114433975315,-0.412620040538343,0
1502219295,143,4,0.421589143372044,-0.397884956754505,0
1502224747,122,4,0.31662048661636,-0.418657165133404,0
1502225972,108,4,0.301734355922521,-0.34403145795733,0
1502229086,52,4,0.30542317220764,-0.369147575991229,0
1502271807,105,4,0.366450120142605,-0.555334720830922,0
1502273868,82,4,0.340316791722984,-0.431585739360154,1
1502275299,110,4,0.416138521246339,-0.542803300483284,0
1502277250,139,4,0.486890298985726,-0.436124678533317,0
1502280371,64,4,0.301070559941829,-0.30284291110199,0
1502281653,56,4,0.263081821327943,-0.468827591795961,0
1502287140,125,4,0.377690491112253,-0.398383888655257,0
1502291678,107,4,0.450706254047656,-0.417588520861282,0
1502297367,125,4,0.63002485481769,-0.477464114350655,0
1502307651,2,4,0.255370293889227,-0.3942171433585,0
1502308421,95,4,0.402473646955408,-0.536424215850658,0
1502316089,16,4,0.523317447534944,-0.478936990908292,0
1502317572,125,4,0.334217547397693,-0.570022948831668,0
1502354526,26,4,0.572005153300078,-0.406706799053755,0
1502355844,135,4,0.425280631148762,-0.380750467989614,0
1502357603,20,4,0.319064442114292,-0.45086506999276,0
1502365506,34,4,0.502189608425577,-0.387204895778561,0
1502365697,103,4,0.538110805312488,-0.457801099899077,0
1502367740,72,4,0.491110271574078,-0.393482639664564,0
1502372603,58,4,0.642073817455707,-0.438416798629465,0
1502374004,130,4,0.362861731094348,-0.310329121055692,0
1502374297,149,4,0.316482843628502,-0.405376333516383,0
1502378651,122,4,0.311374541822957,-0.283225286819041,0
1502382786,17,4,0.337482025730968,-0.313485227744703,0
1502388392,55,4,0.358383378315171,-0.433143018803266,0
1502389658,122,4,0.540306430968829,-0.398564770971724,0
1502392952,143,4,0.396638132341909,-0.46629657621172,1
1502401376,92,4,0.438231745408119,-0.392800490872703,0
1502403932,141,4,0.396400259812035,-0.699982506227766,0
1502405930,98,4,0.438564825938444,-0.375385582735007,0
1502438411,109,4,0.369475320461196,-0.612697664213024,0
1502440121,106,4,0.444709883825716,-0.594108754654421,0
1502441376,138,4,0.536713061432655,-0.162977111456319,0
1502444454,17,4,0.488150455781531,-0.500148268662211,1
1502444983,135,4,0.476154906735464,-0.518234669414771,0
1502457773,46,4,0.447444593752541,-0.463912886060496,0
1502470488,45,4,0.56608281679835,-0.41422220170789,0
1502471561,92,4,0.426048692524364,-0.381156183079929,0
1502471958,30,4,0.496065450996946,-0.324712515216385,0
1502476154,29,4,0.393375553211471,-0.447223338290726,0
1502480290,35,4,0.234225629250238,-0.468177629695033,0
1502488156,62,4,0.417082724422004,-0.409140979547719,0
1502490635,125,4,0.433535928371809,-0.524455134913104,0
1502524805,139,4,0.414784690791543,-0.366856734565517,0
1502525589,20,4,0.39265690568342,-0.441412417248604,0
1502528612,82,4,0.495840038780992,-0.345894858484964,0
1502530127,1,4,0.581695426240843,-0.464815484241889,0
1502533359,81,4,0.627909649612568,-0.4831361107018,2
1502536643,76,4,0.375664253649029,-0.482630606112449,0
1502537893,2,4,0.194903106131498,-0.530707032733607,0
1502538656,5,4,0.338624204297083,-0.660915197593552,0
1502543241,10,4,0.62525160069564,-0.494053970080972,2
1502546601,124,4,0.465270776984593,-0.432722233710216,0
1502547222,79,4,0.631679802044891,-0.494272194669772,0
1502550443,120,4,0.427921304759418,-0.374145814253693,0
1502555698,72,4,0.431349427190206,-0.350095495045368,0
1502555715,94,4,0.40760056644278,-0.63128567965289,0
1502556667,152,4,0.379887571885205,-0.306864609939686,0
1502557101,86,4,0.563989928918332,-0.621937010147505,0
1502558130,86,4,0.441448051479148,-0.652661404627211,0
1502559792,8,4,0.344272313895879,-0.361517845881403,0
1502569415,116,4,0.417116157057501,-0.398856823412548,0
1502611486,54,4,0.332889011434572,-0.427175907000965,0
1502612215,108,4,0.282173221634151,-0.384161179833784,0
1502614059,150,4,0.497125846591763,-0.362135263131841,0
1502618586,109,4,0.400194162306766,-0.536768409607346,0
1502619716,93,4,0.52548010573693,-0.260212043073923,0
1502619810,1,4,0.525501317322357,-0.448438957973676,0
1502620107,151,4,0.487952324421877,-0.519913235821259,0
1502624329,98,4,0.454793071444046,-0.547257425984191,0
1502625972,69,4,0.415599617184441,-0.253004531035319,0
1502627993,58,4,0.571871094486101,-0.403054364600206,0
1502632232,149,4,0.351005919056952,-0.219602168720803,0
1502633034,47,4,0.449137689211431,-0.409604143535882,0
1502636579,56,4,0.526875088030465,-0.535906730857521,0
1502646895,116,4,0.561569225270366,-0.515378001613448,0
1502648359,72,4,0.547491357025406,-0.320762477078144,0
1502652468,151,4,0.431945348960389,-0.392776297014121,0
1502656105,124,4,0.208465493125149,-0.588699704099221,2
1502698461,54,4,0.261130191601598,-0.656566589759337,0
1502698500,110,4,0.550022489687135,-0.314529637467476,0
1502701321,47,4,0.397775565927204,-0.603235405949807,0
1502702213,88,4,0.396035881171832,-0.460811765776179,0
1502704054,69,4,0.447103961204174,-0.222527700632877,0
1502706443,59,4,0.422381262559725,-0.497006487437246,0
1502707006,125,4,0.539517375424543,-0.573257853625938,0
1502710743,12,4,0.340251075570333,-0.499875559857051,0
1502712378,30,4,0.539541634905739,-0.627170668891908,0
1502718595,56,4,0.515174531777016,-0.484756995718711,0
1502725122,43,4,0.388154554194956,-0.398354026841746,0
1502735569,120,4,0.40421808238321,-0.243292488866458,0
1502740988,35,4,0.434202986621703,-0.513235635581178,0
1502742283,21,4,0.610943337476273,-0.541454254052007,0
1502785934,24,4,0.44878162786549,-0.72518143063431,0
1502788239,66,4,0.412925753540246,-0.517861790421804,0
1502790584,143,4,0.511922949725104,-0.502902952601792,0
1502790681,96,4,0.371923328827707,-0.388916465871154,0
1502791809,130,4,0.273452117049072,-0.444846564980486,0
1502792152,10,4,0.409334854812093,-0.336804014999964,0
1502792271,85,4,0.409775476575688,-0.562355567536738,0
1502798679,64,4,0.40118876451968,-0.314523226702698,0
1502802554,23,4,0.481965914221522,-0.31473399120487,0
1502811413,95,4,0.309364548812069,-0.466607094847301,0
1502815625,140,4,0.397972848193485,-0.450285364167854,0
1502821734,34,4,0.508645374629666,-0.44952912973314,0
1502828948,112,4,0.49584929628723,-0.37170426975647,0
1502829825,1,4,0.378495537856083,-0.406257309189359,0
1502832869,53,4,0.453305875619453,-0.456499230749206,0
1502834255,85,4,0.529853167915982,-0.450454123976413,1
1502834642,98,4,0.471440596882165,-0.321805309591489,0
1502835664,119,4,0.508884438701697,-0.464710003940428,0
1502871690,118,4,0.408073619623053,-0.396143966760139,0
1502872696,55,4,0.410406715095759,-0.343882706598946,0
1502873172,26,4,0.547411211553158,-0.534688584843754,0
1502886530,113,4,0.313664225780857,-0.521806447499619,0
1502887276,56,4,0.464088465151041,-0.34726873987871,0
1502891007,26,4,0.41731700353169,-0.346083847688379,0
1502893134,143,4,0.351888330838864,-0.216569702971075,0
1502897566,96,4,0.53997152963817,-0.232218822179265,0
1502897941,147,4,0.541561948351761,-0.240338915254108,0
1502900709,38,4,0.440549938014373,-0.390441794647082,0
1502902892,23,4,0.386337878369196,-0.556759598089708,0
1502906290,101,4,0.427145840884953,-0.452643520628275,0
1502912090,110,4,0.655960547137835,-0.464508315485136,1
1502961090,106,4,0.334610283110225,-0.45978888873156,0
1502963705,13,4,0.555415260440936,-0.428267777905693,0
1502965824,117,4,0.644699761166182,-0.299320336804455,0
1502969744,38,4,0.38975860259757,-0.418925467908232,0
1502969792,138,4,0.334823594234736,-0.393402488310744,0
1502973485,60,4,0.303733668547449,-0.297907350289735,0
1502977076,72,4,0.682024731910997,-0.414653551390342,0
1502980495,117,4,0.402869286649531,-0.446957997390229,0
1502983085,21,4,0.380380201170676,-0.501922660978533,0
1502985650,29,4,0.280246465835552,-0.355540877070584,0
1502986578,47,4,0.549228424315575,-0.410487764101991,0
1502988764,98,4,0.447628914775597,-0.600766794243744,0
1502989689,151,4,0.482085030608928,-0.304126501003747,0
1502992469,113,4,0.555223873940845,-0.352316953889445,0
1502992729,149,4,0.493813715022277,-0.461606899257629,0
1502993514,24,4,0.295404342957993,-0.46096559146905,0
1503003268,21,4,0.563416603160178,-0.387663729859201,0
1503003809,140,4,0.580104771842026,-0.269897866880375,0
1503004171,153,4,0.504961813898691,-0.388072714617896,0
1503008801,83,4,0.526991596797473,-0.510124633518848,0
1503047200,21,4,0.448793145615236,-0.325813533934929,0
1503051741,116,4,0.445295897626102,-0.377522499304889,0
1503054756,91,4,0.407376412676005,-0.576049854222134,0
1503057877,93,4,0.348051941430718,-0.438281694673921,0
1503058099,146,4,0.302989615594382,-0.198186776790105,0
1503058628,138,4,0.481913736961651,-0.305848586685023,0
1503061996,91,4,0.468685541291492,-0.337154172634863,0
1503065851,105,4,0.493365914829346,-0.383534866773246,0
1503074143,24,4,0.580818056806968,-0.397978038907165,0
1503077403,47,4,0.41110928753325,-0.529350425534545,0
1503078058,73,4,0.484711772844714,-0.594388152465873,0
1503080760,139,4,0.488782285816435,-0.470316403937379,0
1503085128,38,4,0.428441424285631,-0.44747632398861,0
1503085814,98,4,0.408960201105186,-0.479699545271165,0
1503086509,144,4,0.366769273827662,-0.505094592849793,0
1503088477,73,4,0.486316329234447,-0.362716991478172,0
1503092144,119,4,0.570520570293244,-0.334635538329383,0
1503092974,143,4,0.430679252344473,-0.356927491216647,0
1503093080,21,4,0.427016379462384,-0.509738680536072,0
1503142645,144,4,0.488335492346527,-0.55786516191045,0
1503143573,39,4,0.431252172075624,-0.5071499486262,0
1503148002,31,4,0.62322790146818,-0.507021487713958,0
1503154545,23,4,0.420489411503088,-0.333509254934419,0
1503157149,5,4,0.29735062918887,-0.634877416948057,0
1503160092,46,4,0.496578775034795,-0.364966964576393,0
1503160857,9,4,0.630621200027936,-0.473231794137761,0
1503161536,34,4,0.524197603307533,-0.635522169192499,0
1503162537,110,4,0.610348202923579,-0.420235834917619,0
1503164087,31,4,0.540219239143362,-0.478086111990544,0
1503169108,75,4,0.459160694494476,-0.423431419718607,0
1503172810,29,4,0.39107364572339,-0.359880850498765,0
1503175231,56,4,0.351543299458695,-0.239552692598948,0
1503177310,103,4,0.554269978680378,-0.607695770106274,0
1503179060,23,4,0.434260641075982,-0.413497659724841,0
1503216760,109,4,0.453882052484815,-0.425069696845328,0
1503217732,58,4,0.40747205880545,-0.419160683901699,0
1503219402,109,4,0.486317543543505,-0.424258536179304,0
1503222035,8,4,0.439927441496207,-0.400076079804792,0
1503225558,102,4,0.47520171964462,-0.488464164888075,0
1503227842,66,4,0.387326905843443,-0.397046098414047,0
1503229290,34,4,0.560694590949614,-0.409169787472669,0
1503232194,107,4,0.456797382592193,-0.362975681637013,0
1503239849,47,4,0.218354972732623,-0.547924573177508,0
1503245490,45,4,0.32403032938128,-0.653538416866804,0
1503246707,146,4,0.464113448972311,-0.596075656883278,0
1503252103,94,4,0.41043450399994,-0.436080607212577,0
1503252748,56,4,0.376062370515602,-0.39633074561751,0
1503257837,69,4,0.421317436805287,-0.420599867131128,0
1503264872,43,4,0.494817782802627,-0.400089730930543,0
1503264999,29,4,0.544784989051859,-0.49938425918098,0
1503265526,14,4,0.616896524884107,-0.36697690153398,0
1503265787,45,4,0.578304196814391,-0.555096731450106,0
1503266050,99,4,0.481142473605609,-0.320036064232874,0
1503267166,64,4,0.290266162768254,-0.386618531009871,0
1503269270,2,4,0.636026257970398,-0.43380176685175,7
1503303024,49,4,0.523908256085586,-0.461856308938278,0
1503312566,34,4,0.582342783260793,-0.47351290618064,0
1503320123,98,4,0.407126104777831,-0.493212032038095,0
1503321334,16,4,0.285905619678758,-0.240829261065158,0
1503323991,107,4,0.373849013584626,-0.471346498372941,0
1503324693,138,4,0.487206438069106,-0.491819785505029,0
1503326350,112,4,0.429968092331966,-0.611521932144022,0
1503334462,72,4,0.292220973691448,-0.404602779961399,1
1503334538,110,4,0.412988907936912,-0.352430485914495,0
1503337063,43,4,0.520646798266156,-0.336160204634994,0
1503338380,92,4,0.454246213483058,-0.475882964743718,0
1503340411,98,4,0.418914718040626,-0.498026665164459,0
1503341525,5,4,0.438929017336268,-0.516123651549784,0
1503345567,103,4,0.521710865438659,-0.470536285041038,0
1503348045,13,4,0.710635812839544,-0.452666747302348,0
1503349010,99,4,0.438193693358109,-0.529639284880948,0
1503391097,88,4,0.46528085663251,-0.456058310922014,0
1503397775,24,4,0.544104214894172,-0.44873110765068,0
1503399910,92,4,0.477604700713378,-0.366133031100862,0
1503404130,64,4,0.505969849294937,-0.606658987660387,0
1503406440,22,4,0.499280320287502,-0.686008676088121,0
1503411087,19,4,0.366266014197252,-0.392196939025428,1
1503416005,22,4,0.521313417439183,-0.599440227604227,0
1503419978,59,4,0.244876424679806,-0.303700865767385,0
1503425100,47,4,0.52485780897561,-0.348436723950952,0
1503426672,6,4,0.346283347717062,-0.429906009083127,0
1503432151,47,4,0.466169497534105,-0.300994028436053,0
1503438600,95,4,0.581608996230932,-0.422025001326624,0
1503440446,12,4,0.319446083063679,-0.528996647650613,0
1503476170,75,4,0.405573859561064,-0.503594433901853,0
1503476375,146,4,0.510414288970188,-0.420043931001643,0
1503477845,60,4,0.444558285527499,-0.513826150336394,0
1503479299,19,4,0.493875038133827,-0.32279513084595,0
1503479756,147,4,0.386152209364521,-0.3435298669485,0
1503489607,9,4,0.363991731992841,-0.426013250720996,1
1503493914,103,4,0.623280642335868,-0.713341540673831,0
1503496533,10,4,0.434020397350867,-0.365355746447109,0
1503501937,12,4,0.443890270408962,-0.59906630829562,0
1503503405,79,4,0.478687770785821,-0.496529199474344,0
1503510923,118,4,0.392668826497861,-0.294376593626358,0
1503511225,122,4,0.334545254557934,-0.546777410828338,0
1503514390,150,4,0.432409060970189,-0.391329851929862,0
1503516635,143,4,0.274006831049183,-0.443432133700703,0
1503520569,147,4,0.472367787884181,-0.502212015691581,0
1503521002,120,4,0.616842652917671,-0.381287930662036,0
1503525762,94,4,0.423477903848918,-0.387728169891097,0
1503587181,116,4,0.407506948245362,-0.567420781085897,0
1503597352,17,4,0.483780986630904,-0.407935087753459,0
1503600628,13,4,0.394998291731171,-0.340806049296167,0
1503600855,122,4,0.35786595722076,-0.222443480416881,0
1503606118,18,4,0.44104535412002,-0.390605104022638,0
1503610302,109,4,0.378633769004799,-0.397464339507838,0
1503610383,108,4,0.511325409181328,-0.227158820935334,0
1503651909,85,4,0.369669415174601,-0.40030746027247,0
1503660891,12,4,0.487222400827862,-0.429002862033491,0
1503662215,24,4,0.366022350215717,-0.516504718137999,0
1503662505,30,4,0.479271004039348,-0.478627786671081,0
1503662607,98,4,0.462154415267379,-0.401201361518886,0
1503663777,151,4,0.402724977325771,-0.36339920493731,0
1503666189,102,4,0.465577653507358,-0.39057004677215,0
1503667968,22,4,0.418601024587889,-0.335226417333279,0
1503669583,2,4,0.396959736976405,-0.528891955146242,0
1503669733,105,4,0.643793259222666,-0.399251239883008,0
1503671121,108,4,0.542979026873245,-0.567056666903275,0
1503673917,118,4,0.462362513889201,-0.439563264935253,0
1503675642,19,4,0.402485808892371,-0.50203125361003,0
1503684691,92,4,0.477076940139986,-0.473458271401638,0
1503684771,144,4,0.524369099372107,-0.686379083526347,0
1503687448,139,4,0.464674651967514,-0.272721112028675,0
1503687813,118,4,0.356252408521021,-0.428300397422848,0
1503689879,82,4,0.535530102836704,-0.480216922928537,0
1503698111,109,4,0.367379932824887,-0.347013462322047,0
1503698538,45,4,0.321164747439334,-0.473748069431932,0
1503699815,52,4,0.408523047731761,-0.374230373353606,0
1503701001,62,4,0.444054202171967,-0.489630592545466,0
1503736684,64,4,0.470430527425473,-0.393024864845092,0
1503741955,6,4,0.604817889133098,-0.551590462190832,1
1503742212,17,4,0.421441871788743,-0.299382282506363,0
1503743019,23,4,0.494736106965526,-0.360067096383548,0
1503746571,31,4,0.429785919963576,-0.424716942152191,0
1503747215,91,4,0.441227273028735,-0.583299695929957,0
1503747275,93,4,0.333916086964286,-0.606421776291291,0
1503749637,47,4,0.376991633469016,-0.435801504379925,0
1503750507,138,4,0.444576688189992,-0.490644380147235,0
1503757388,13,4,0.341713341864807,-0.488483542935868,0
1503765368,24,4,0.211979678892965,-0.646701562818659,0
1503765691,79,4,0.493360681270616,-0.471474055528914,0
1503770913,58,4,0.507990532522528,-0.266481665539576,0
1503771081,6,4,0.3734916864995,-0.450373744911356,0
1503771172,1,4,0.637297695015148,-0.41474257754018,0
1503779067,9,4,0.398412301276391,-0.507277751895352,0
1503782689,22,4,0.437682511936751,-0.486984832150809,0
1503784940,108,4,0.528216716939638,-0.564671996245259,0
1503787317,106,4,0.521641257302583,-0.362620709724782,0
1503823161,99,4,0.476745142711568,-0.290387699695474,0
1503824683,30,4,0.351798866511589,-0.404874397534511,0
1503828724,125,4,0.591138518655619,-0.474759782804518,0
1503829435,8,4,0.589683883062178,-0.544998757420842,0
1503829907,55,4,0.476478349470697,-0.472507198766568,0
1503831015,58,4,0.519041028547504,-0.381009746038962,0
1503832425,108,4,0.561324698880843,-0.339515488435704,0
1503834018,73,4,0.240644498193916,-0.563726998540627,0
1503834203,47,4,0.345096265573469,-0.503680721201206,0
1503836369,18,4,0.475957909665156,-0.466440602211133,2
1503838092,59,4,0.473912306122492,-0.222751118496302,0
1503839036,9,4,0.423593356212925,-0.534440944522839,0
1503844210,58,4,0.413829268700969,-0.357917338716538,0
1503858567,59,4,0.453928907766424,-0.174645187284646,0
1503863039,83,4,0.491914171923624,-0.480584183747373,0
1503866293,92,4,0.432207637956218,-0.559935688259532,1
1503867263,1,4,0.326375147795804,-0.460116367380704,0
1503871084,19,4,0.250262078139822,-0.41042102054017,0
1503872036,12,4,0.304204479250494,-0.723677065257172,0
1503872449,120,4,0.425644844533389,-0.52958503533401,0
1503908202,99,4,0.35820979179979,-0.497198141014007,0
1503911820,1,4,0.419879893963944,-0.481877174663054,0
1503916913,56,4,0.452688481200632,-0.462089085224477,0
1503917171,24,4,0.434003522974273,-0.502829213799459,0
1503924232,96,4,0.417670961792415,-0.349256053885181,0
1503925358,124,4,0.412891607003956,-0.405799269901576,0
1503925695,120,4,0.506901650615779,-0.407686289327846,0
1503925897,120,4,0.53051356111305,-0.478456369134568,0
1503931067,133,4,0.4308924031176,-0.566153510229703,0
1503933907,75,4,0.535316524287309,-0.456147231834824,0
1503940675,69,4,0.440716243344239,-0.403534018888931,0
1503942149,52,4,0.481876781244893,-0.477272135238494,0
1503945172,105,4,0.728927187214965,-0.418208392210335,0
1503950145,76,4,0.378730372747871,-0.336032562524249,0
1503951571,24,4,0.228361242950873,-0.587363859951151,0
1503952377,81,4,0.361296655545521,-0.377458703449372,0
1503952379,50,4,0.510754005285304,-0.488035330441017,0
1503952389,34,4,0.462235280557998,-0.65937292535123,0
1503953565,45,4,0.600807778971881,-0.409041318911529,0
1503956051,46,4,0.418239091237961,-0.451809370543547,0
1503958380,31,4,0.466109592995803,-0.304455723600158,0
1503958511,108,4,0.469787555050008,-0.3043895601555,0
1503999256,23,4,0.388085811692595,-0.354836149362063,0
1504002545,34,4,0.355234887738558,-0.222805328110722,0
1504004163,144,4,0.271591984520651,-0.351559972423026,0
1504012123,17,4,0.553851546125768,-0.337457305320243,0
1504016244,24,4,0.376230524483966,-0.479845320427446,0
1504017109,13,4,0.442062674806439,-0.56593956005347,0
1504018637,34,4,0.420940454317946,-0.447485653520625,0
1504019526,34,4,0.430561866833085,-0.283770342614953,0
1504019784,49,4,0.381565157826884,-0.430647775227254,0
1504023169,12,4,0.470284232987221,-0.321304294847748,0
1504023491,5,4,0.223365606156026,-0.490073097352523,0
1504031763,109,4,0.55971214319377,-0.594044364894687,0
1504038888,60,4,0.403663510841356,-0.271171489360742,0
1504043436,82,4,0.627346822448175,-0.442111768674901,0
1504081561,81,4,0.453131539206494,-0.390603196340425,0
1504088134,81,4,0.443323156217321,-0.485778100594377,0
1504089925,113,4,0.462324587422538,-0.514666278522691,0
1504102458,150,4,0.343227491961806,-0.461326357652169,0
1504109428,75,4,0.289999190031074,-0.350588625601574,0
1504110517,16,4,0.561114048891859,-0.439723845810542,0
1504112199,8,4,0.444502934566656,-0.392767023571707,0
1504122246,6,4,0.569214993030631,-0.3269124456593,0
1504125823,152,4,0.525655270167335,-0.472349526745372,0
1504168441,109,4,0.481597572883775,-0.350974434998558,0
1504173269,45,4,0.476048610841319,-0.670458772403849,0
1504175843,75,4,0.4029499345676,-0.420998754934915,0
1504176460,69,4,0.425233910010544,-0.262678479555033,1
1504186784,75,4,0.451324487038981,-0.485637224550255,0
1504192907,141,4,0.393490570441375,-0.299837914725259,0
1504201342,22,4,0.303795129151187,-0.280453950574396,0
1504206009,66,4,0.361975630960995,-0.372107103396785,0
1504207286,141,4,0.566221918762484,-0.34360063070502,0
1504210827,55,4,0.51772949865205,-0.456553813977203,0
1504211581,20,4,0.573546538813709,-0.412998717869954,0
1504214933,82,4,0.590286572382954,-0.483574645863796,0
1504215314,21,4,0.562234328650336,-0.34770633123112,0
1504274884,16,4,0.315140183349242,-0.425283089499346,0
1504282162,85,4,0.473299377719648,-0.354061529884927,0
1504284858,82,4,0.442819771286393,-0.383090650036847,0
1504290717,75,4,0.39900841816171,-0.336363009598769,0
1504342977,88,4,0.55682588290735,-0.242650029324734,0
1504343711,24,4,0.483037300056734,-0.665946810629807,0
1504347634,135,4,0.57162941360479,-0.493844926724068,0
1504349076,47,4,0.387591930962077,-0.289716569577747,0
1504353120,119,4,0.621199341115465,-0.261845090831139,0
1504367881,16,4,0.37665533862353,-0.414198044399199,0
1504388033,150,4,0.327489840314963,-0.443926050482911,0
1504389608,82,4,0.52967741504519,-0.637041057506355,0
1504435455,54,4,0.517988314713828,-0.427418084545169,0
1504444986,117,4,0.462591931438038,-0.342866419496808,0
1504446410,116,4,0.395335587169601,-0.472150848488702,0
1504466147,60,4,0.513346934323697,-0.61980528309098,0
1504470405,135,4,0.460334925139035,-0.421524205259225,0
1504473141,91,4,0.455287997404603,-0.235560526506473,0
1504514174,91,4,0.387479765670557,-0.549089907298778,0
1504522226,116,4,0.424861586088835,-0.490181280264682,0
1504522597,91,4,0.445529860406562,-0.424288992229797,0
1504547960,140,4,0.51790921779419,-0.631155059967637,0
1504562933,64,4,0.543534622650218,-0.467862981905458,0
1504563023,2,4,0.352064944312119,-0.612225827260727,0
1504607613,56,4,0.370373438461203,-0.516049432204263,0
1504609604,93,4,0.38214304204172,-0.454999249913758,0
1504613482,105,4,0.291750999009786,-0.40939649006129,0
1504625770,138,4,0.573568738799049,-0.548286330858517,0
1504707638,53,4,0.643140387931342,-0.530740019344859,0
1504719338,144,4,0.246533083938923,-0.440812876286273,0
1504719798,22,4,0.430102839749678,-0.590242987436258,0
1504726272,45,4,0.210529881796529,-0.590513748058089,0
1504773216,10,4,0.45641228004982,-0.42724410105579,0
1504804583,14,4,0.560028495098655,-0.444127292056809,0
1504816184,55,4,0.4617186755698,-0.499502942562372,0
1504862334,49,4,0.521098419464572,-0.468457690847067,0
1504867837,151,4,0.527741167160793,-0.423830471139201,0
1504868485,23,4,0.458411835586155,-0.527429910245248,2
1504872786,6,4,0.542472498315066,-0.306137839813471,0
1504892821,140,4,0.295845028217159,-0.52343469841708,0
1504949281,59,4,0.384047869385164,-0.482479075630931,0
1504955583,58,4,0.647806141139757,-0.44694604366923,0
1504962670,96,4,0.468402964961782,-0.400200116469917,0
1504963413,64,4,0.463447743204812,-0.26842926436801,0
1504964784,147,4,0.39879078016355,-0.421099439563952,0
1504972656,60,4,0.327112556299702,-0.402284795502231,0
1505047741,147,4,0.392041996474386,-0.400890696336635,0
1505049972,69,4,0.478760378539989,-0.581916935255483,2
1505050120,75,4,0.618703566443509,-0.356046343653204,7
1505064217,60,4,0.590166486915339,-0.55277993580623,2
1505068005,29,4,0.373560393240195,-0.474134554885928,0
1505070861,93,4,0.442050726121571,-0.584439774832724,0
1505072783,13,4,0.405142884957989,-0.490582780230861,0
1505076934,108,4,0.585014474861421,-0.465843323748561,0
1505079641,64,4,0.382898524655203,-0.617387493612523,0
1505119033,125,4,0.318066367230756,-0.608131517329643,0
1505119352,1,4,0.390057453464681,-0.380991072664588,0
1505119731,130,4,0.319717724658612,-0.265732544420124,0
1505152708,143,4,0.412940111752891,-0.544509336090999,0
1505165693,19,4,0.450643304668924,-0.461101130491116,0
1505208968,23,4,0.288568100920634,-0.314197936606382,0
1505214904,52,4,0.535776539504338,-0.504781364382586,0
1505252617,81,4,0.4616562678745,-0.392597468221603,0
1505256374,19,4,0.550308753118276,-0.525450422030709,0
1505313022,59,4,0.447232393473829,-0.298133709144476,0
1505317338,46,4,0.414669121362007,-0.427873788085877,0
1505326572,112,4,0.432167719914891,-0.463952231865147,0
1505333004,147,4,0.32278140611427,-0.382637625205143,0
1505400819,122,4,0.484345155955637,-0.300457060143652,0
1505401337,152,4,0.314884232716803,-0.538770101365587,0
1505409821,103,4,0.407688546482519,-0.315581589550872,0
1505414523,91,4,0.496907223684835,-0.584579268418119,0
1505422314,150,4,0.609156848396813,-0.577544376321926,0
1505463355,82,4,0.402807986043981,-0.414431848169154,0
1505484019,108,4,0.301030886258483,-0.409175462629899,0
1505500606,92,4,0.505366923737294,-0.223627934737883,0
1505507854,83,4,0.396749757933266,-0.468685556740355,0
1505513097,94,4,0.54509124886431,-0.425147860601809,0
1505553035,133,4,0.53512684577594,-0.438208578788482,2
1505559754,58,4,0.586682004075867,-0.321532713734392,0
1505570911,59,4,0.455117184749827,-0.453089513410135,0
1505583256,55,4,0.436733209314873,-0.393428314487014,0
1505586966,150,4,0.521100282645531,-0.367163563355704,0
1505596551,140,4,0.576221290467155,-0.46614683482647,0
1505598802,47,4,0.721884127487276,-0.432058729352278,0
1505641853,76,4,0.402923841300267,-0.620184597238284,0
1505646677,151,4,0.455546209036984,-0.693796570912578,0
1505647425,31,4,0.469095154666591,-0.575087762789141,0
1505650097,21,4,0.439989862388555,-0.424259548843032,0
1505665118,31,4,0.559866079161942,-0.351577056518975,0
1505667620,86,4,0.54049099802361,-0.300094804380983,0
1505668651,120,4,0.497537541790904,-0.431827455123163,0
1505670992,113,4,0.500689828224699,-0.512982303520676,0
1505672006,5,4,0.41677353429959,-0.345995723754352,0
1505682402,118,4,0.450854724864558,-0.537157624154847,0
1505729807,113,4,0.463123503411765,-0.498034648319312,0
1505759701,43,4,0.489406812170056,-0.426460732562698,0
1505761754,103,4,0.410900301788038,-0.579769391665406,0
1505772710,35,4,0.313961187212988,-0.404479554500995,0
1505812155,21,4,0.434232275805681,-0.357774092102247,0
1505822004,55,4,0.279768167188509,-0.467496966767119,0
1505832703,35,4,0.31599234194831,-0.571910034279112,0
1505896332,76,4,0.32963045028177,-0.519347883733175,0
1505913746,62,4,0.538877861105875,-0.49846468840248,0
1505917626,93,4,0.405218460364587,-0.362068070788957,0
1505933054,102,4,0.432248106402258,-0.41950721856422,0
1505937459,152,4,0.345159935750113,-0.342299030702529,0
1506000725,10,4,0.535453088428263,-0.551790933995766,0
1506019797,49,4,0.380433701073238,-0.381310904204394,0
1506025847,59,4,0.554163435953444,-0.483456380441865,0
1506028041,147,4,0.474460126460868,-0.514990323868047,0
1506030394,39,4,0.546949297743363,-0.442947391019944,0
1506076571,106,4,0.514653367195628,-0.45965011849912,0
1506077564,69,4,0.400157818748546,-0.365954730621455,0
1506081976,55,4,0.508016293076954,-0.451660708177799,0
1506110029,144,4,0.537939952551571,-0.38047277362672,0
1506154427,13,4,0.580697614966942,-0.408092207389775,0
1506160176,85,4,0.367766351280632,-0.416776602307816,0
1506163765,94,4,0.487720056851201,-0.472361217029725,0
1506165013,152,4,0.399797672760781,-0.363426112127483,0
1506167245,101,4,0.512141023235296,-0.556641000422585,0
1506171696,141,4,0.553935248277317,-0.441594884202743,0
1506200509,19,4,0.519816013739454,-0.572419687120303,0
1506245013,144,4,0.35254782133067,-0.343977492156179,0
1506249721,140,4,0.475084320452296,-0.321833789601401,2
1506252744,79,4,0.519179035889239,-0.539220081340773,0
1506265702,79,4,0.488755201503986,-0.303365236448514,0
1506266521,150,4,0.418180845610769,-0.358472041528566,0
1506268132,140,4,0.484100251853694,-0.415373139722014,0
1506270948,99,4,0.644777913002986,-0.650357742142551,0
1506276637,120,4,0.347160566762237,-0.542454864670663,0
1506279017,8,4,0.448616859291018,-0.520881245642052,0
1506287775,14,4,0.402867346074129,-0.406823876224771,0
1506334501,24,4,0.322593625854169,-0.5587547223461,0
1506336006,130,4,0.432819330726144,-0.479863978654066,0
1506352411,110,4,0.647002728442276,-0.40853289126402,0
1506357421,144,4,0.499037485164839,-0.435484388672174,0
1506358234,55,4,0.194583069711544,-0.555284872278805,0
1506374146,47,4,0.308563467483803,-0.565049078822516,0
1506413948,75,4,0.522562395275655,-0.439054933597055,0
1506429039,2,4,0.483593548843064,-0.57753618044026,0
1506439010,58,4,0.502246280739352,-0.417036910777696,0
1506448082,122,4,0.461981142053103,-0.336207182875273,0
1506506115,86,4,0.376997511470269,-0.47556852894571,0
1506523123,9,4,0.344939705708837,-0.382200964011295,0
1506542202,49,4,0.572258348190845,-0.493663481171638,0
1506592177,85,4,0.470255706245189,-0.415496210568947,0
1506603202,141,4,0.320533754449942,-0.310145993480722,0
1506609943,99,4,0.263047725661458,-0.375762528326817,0
1506634729,152,4,0.481299618532528,-0.311388034179924,0
1506682612,101,4,0.393670988765037,-0.468818582917726,0
1506691932,54,4,0.444990947019244,-0.466021011584526,0
1506703260,102,4,0.412596831767701,-0.593796946758227,0
1506707226,64,4,0.436895340744218,-0.474739241070777,0
1506708884,50,4,0.49886658348272,-0.460183906926311,0
1506766802,76,4,0.317167735349055,-0.529567865759387,0
1506770140,35,4,0.441618320891307,-0.403710116113301,0
1506789553,82,4,0.302080466914211,-0.378457697438942,0
1506790555,124,4,0.352982128385662,-0.463997332257267,0
1506795588,30,4,0.300846471978176,-0.667066549243519,0
1506796654,24,4,0.4636666702241,-0.351129078592886,0
1506810758,91,4,0.575688627605489,-0.664042228791088,0
1506883672,13,4,0.441375430987874,-0.36773467217835,0
1506889080,146,4,0.353240691215552,-0.345954310700088,0
1506935173,23,4,0.28229518442608,-0.521145093315651,0
1507192168,34,4,0.351032502619525,-0.505812535077473,0
1507237749,24,4,0.451220973237208,-0.476214402792825,0
1507299178,105,4,0.343370375113645,-0.360744924253115,0
1507307163,147,4,0.42770893303267,-0.356425244301346,0
1507413424,119,4,0.415931041323174,-0.506681903026755,0
1507470571,10,4,0.472340060916834,-0.549006656038574,0
1507481927,14,4,0.418252939507732,-0.477272022603425,0
1507500742,29,4,0.445339831428217,-0.442471331556631,0
1507737219,82,4,0.372109553316892,-0.294542201459651,1
1507749442,138,4,0.467632699873352,-0.412767630253541,0
1507811235,20,4,0.247072695832181,-0.21931056514054,0
1508004740,69,4,0.497383892362354,-0.468114156390654,2
1508007301,75,4,0.297637420878982,-0.544420004074634,0
1508087414,150,4,0.40449992277236,-0.510277495533793,0
1508095734,43,4,0.355114827613199,-0.392922327081768,1
1508426723,117,4,0.199114664460787,-0.526801468121517,0
1508583947,112,4,0.443548087460393,-0.599823406481764,0
1508591756,92,4,0.564027458491736,-0.458703391632929,0
1508598618,120,4,0.489717441827199,-0.536193384459025,0
1508616113,99,4,0.287480535355182,-0.357455852830515,0
1508675681,76,4,0.547001729092043,-0.573179109071114,0
1508686506,152,4,0.561410108640386,-0.477608595719713,0
1508692620,49,4,0.604449578582245,-0.290441097177678,0
1508750022,103,4,0.493196206986919,-0.489799338738684,0
1508833224,24,4,0.514267167605103,-0.353449429994788,0
1509024887,130,4,0.443039643670964,-0.307184564421629,0
1509207015,48,4,0.283213922256645,-0.406375657306926,0
1509210419,50,4,0.391250186616929,-0.455169612153247,0
1509288952,46,4,0.51226417527552,-0.328887132409763,0
1509300407,96,4,0.376003559693281,-0.403967389070301,2
1509300637,13,4,0.415673610445284,-0.445626550755605,0
